ts,DE_heat_demand_total,hourly_heat_load_profile_500kW,consumer1,consumer2
2/1/2019 0:00,54754,173.7178859,173.7178859,173.7178859
2/1/2019 1:00,58251,184.8128095,184.8128095,184.8128095
2/1/2019 2:00,59347,188.2900861,188.2900861,188.2900861
2/1/2019 3:00,66179,209.9659563,209.9659563,209.9659563
2/1/2019 4:00,82843,262.8357895,262.8357895,262.8357895
2/1/2019 5:00,114166,362.2141973,362.2141973,362.2141973
2/1/2019 6:00,139736,443.3400756,443.3400756,443.3400756
2/1/2019 7:00,136011,431.521777,431.521777,431.521777
2/1/2019 8:00,130687,414.6303348,414.6303348,414.6303348
2/1/2019 9:00,121102,384.220028,384.220028,384.220028
2/1/2019 10:00,113510,360.1329076,360.1329076,360.1329076
2/1/2019 11:00,107941,342.4641546,342.4641546,342.4641546
2/1/2019 12:00,104899,332.8128084,332.8128084,332.8128084
2/1/2019 13:00,103153,327.2732783,327.2732783,327.2732783
2/1/2019 14:00,104562,331.7436093,331.7436093,331.7436093
2/1/2019 15:00,106688,338.4887644,338.4887644,338.4887644
2/1/2019 16:00,111301,353.1244186,353.1244186,353.1244186
2/1/2019 17:00,116377,369.2290317,369.2290317,369.2290317
2/1/2019 18:00,118891,377.2051936,377.2051936,377.2051936
2/1/2019 19:00,119351,378.6646345,378.6646345,378.6646345
2/1/2019 20:00,116076,368.2740498,368.2740498,368.2740498
2/1/2019 21:00,104431,331.3279859,331.3279859,331.3279859
2/1/2019 22:00,79552,252.3944416,252.3944416,252.3944416
2/1/2019 23:00,61811,196.107613,196.107613,196.107613
2/2/2019 0:00,70872,224.8554262,224.8554262,224.8554262
2/2/2019 1:00,72383,229.6493723,229.6493723,229.6493723
2/2/2019 2:00,75231,238.6852152,238.6852152,238.6852152
2/2/2019 3:00,81012,257.0265802,257.0265802,257.0265802
2/2/2019 4:00,95476,302.9164786,302.9164786,302.9164786
2/2/2019 5:00,133599,423.8692303,423.8692303,423.8692303
2/2/2019 6:00,159143,504.9126185,504.9126185,504.9126185
2/2/2019 7:00,151495,480.647827,480.647827,480.647827
2/2/2019 8:00,146432,464.5844589,464.5844589,464.5844589
2/2/2019 9:00,139828,443.6319638,443.6319638,443.6319638
2/2/2019 10:00,132559,420.5696247,420.5696247,420.5696247
2/2/2019 11:00,129202,409.9188788,409.9188788,409.9188788
2/2/2019 12:00,124500,395.0008546,395.0008546,395.0008546
2/2/2019 13:00,121874,386.6693506,386.6693506,386.6693506
2/2/2019 14:00,121273,384.7625593,384.7625593,384.7625593
2/2/2019 15:00,123908,393.1226176,393.1226176,393.1226176
2/2/2019 16:00,130313,413.4437459,413.4437459,413.4437459
2/2/2019 17:00,136287,432.3974415,432.3974415,432.3974415
2/2/2019 18:00,137649,436.7186557,436.7186557,436.7186557
2/2/2019 19:00,136382,432.6988478,432.6988478,432.6988478
2/2/2019 20:00,132224,419.506771,419.506771,419.506771
2/2/2019 21:00,120864,383.464926,383.464926,383.464926
2/2/2019 22:00,95482,302.9355148,302.9355148,302.9355148
2/2/2019 23:00,76996,244.2850265,244.2850265,244.2850265
2/3/2019 0:00,83754,265.7261171,265.7261171,265.7261171
2/3/2019 1:00,86377,274.0481029,274.0481029,274.0481029
2/3/2019 2:00,86598,274.7492691,274.7492691,274.7492691
2/3/2019 3:00,94296,299.1726954,299.1726954,299.1726954
2/3/2019 4:00,114193,362.2998601,362.2998601,362.2998601
2/3/2019 5:00,157726,500.4169059,500.4169059,500.4169059
2/3/2019 6:00,175600,557.1257033,557.1257033,557.1257033
2/3/2019 7:00,165888,526.312464,526.312464,526.312464
2/3/2019 8:00,161651,512.8697441,512.8697441,512.8697441
2/3/2019 9:00,155515,493.4020715,493.4020715,493.4020715
2/3/2019 10:00,148380,470.7648739,470.7648739,470.7648739
2/3/2019 11:00,144588,458.7340045,458.7340045,458.7340045
2/3/2019 12:00,140330,445.224658,445.224658,445.224658
2/3/2019 13:00,138943,440.8241264,440.8241264,440.8241264
2/3/2019 14:00,141639,449.3777192,449.3777192,449.3777192
2/3/2019 15:00,144534,458.5626788,458.5626788,458.5626788
2/3/2019 16:00,149460,474.1913873,474.1913873,474.1913873
2/3/2019 17:00,156692,497.1363366,497.1363366,497.1363366
2/3/2019 18:00,158248,502.0730541,502.0730541,502.0730541
2/3/2019 19:00,156800,497.4789879,497.4789879,497.4789879
2/3/2019 20:00,152924,485.1816119,485.1816119,485.1816119
2/3/2019 21:00,139281,441.8964982,441.8964982,441.8964982
2/3/2019 22:00,110256,349.8089496,349.8089496,349.8089496
2/3/2019 23:00,91479,290.2352062,290.2352062,290.2352062
2/4/2019 0:00,79287,251.5536768,251.5536768,251.5536768
2/4/2019 1:00,82237,260.9131348,260.9131348,260.9131348
2/4/2019 2:00,84244,267.2807389,267.2807389,267.2807389
2/4/2019 3:00,91684,290.8856092,290.8856092,290.8856092
2/4/2019 4:00,107192,340.087804,340.087804,340.087804
2/4/2019 5:00,146893,466.0470725,466.0470725,466.0470725
2/4/2019 6:00,174501,553.6389086,553.6389086,553.6389086
2/4/2019 7:00,168633,535.0215189,535.0215189,535.0215189
2/4/2019 8:00,163916,520.0559042,520.0559042,520.0559042
2/4/2019 9:00,157291,499.0367825,499.0367825,499.0367825
2/4/2019 10:00,150130,476.3170947,476.3170947,476.3170947
2/4/2019 11:00,143671,455.8246408,455.8246408,455.8246408
2/4/2019 12:00,139534,442.6991907,442.6991907,442.6991907
2/4/2019 13:00,138764,440.2562135,440.2562135,440.2562135
2/4/2019 14:00,139732,443.3273848,443.3273848,443.3273848
2/4/2019 15:00,141988,450.4849907,450.4849907,450.4849907
2/4/2019 16:00,147656,468.4678408,468.4678408,468.4678408
2/4/2019 17:00,152965,485.3116925,485.3116925,485.3116925
2/4/2019 18:00,154159,489.0998935,489.0998935,489.0998935
2/4/2019 19:00,152821,484.8548241,484.8548241,484.8548241
2/4/2019 20:00,146940,466.1961893,466.1961893,466.1961893
2/4/2019 21:00,133537,423.672523,423.672523,423.672523
2/4/2019 22:00,105018,333.1903594,333.1903594,333.1903594
2/4/2019 23:00,85174,270.2313477,270.2313477,270.2313477
2/5/2019 0:00,80678,255.9668992,255.9668992,255.9668992
2/5/2019 1:00,84034,266.6144724,266.6144724,266.6144724
2/5/2019 2:00,85985,272.8044055,272.8044055,272.8044055
2/5/2019 3:00,92701,294.1122427,294.1122427,294.1122427
2/5/2019 4:00,107436,340.8619423,340.8619423,340.8619423
2/5/2019 5:00,147120,466.7672749,466.7672749,466.7672749
2/5/2019 6:00,174656,554.1306767,554.1306767,554.1306767
2/5/2019 7:00,169695,538.3909238,538.3909238,538.3909238
2/5/2019 8:00,164927,523.2635015,523.2635015,523.2635015
2/5/2019 9:00,158707,503.5293223,503.5293223,503.5293223
2/5/2019 10:00,151290,479.997424,479.997424,479.997424
2/5/2019 11:00,144948,459.8761756,459.8761756,459.8761756
2/5/2019 12:00,141058,447.5343819,447.5343819,447.5343819
2/5/2019 13:00,140081,444.4346563,444.4346563,444.4346563
2/5/2019 14:00,141234,448.0927767,448.0927767,448.0927767
2/5/2019 15:00,143578,455.5295799,455.5295799,455.5295799
2/5/2019 16:00,149517,474.3722311,474.3722311,474.3722311
2/5/2019 17:00,153300,486.3745462,486.3745462,486.3745462
2/5/2019 18:00,153374,486.6093258,486.6093258,486.6093258
2/5/2019 19:00,151828,481.7043353,481.7043353,481.7043353
2/5/2019 20:00,147437,467.77302,467.77302,467.77302
2/5/2019 21:00,133438,423.358426,423.358426,423.358426
2/5/2019 22:00,105266,333.9771884,333.9771884,333.9771884
2/5/2019 23:00,85907,272.556935,272.556935,272.556935
2/6/2019 0:00,88941,282.1828996,282.1828996,282.1828996
2/6/2019 1:00,92574,293.7093101,293.7093101,293.7093101
2/6/2019 2:00,94858,300.9557515,300.9557515,300.9557515
2/6/2019 3:00,102244,324.3892962,324.3892962,324.3892962
2/6/2019 4:00,118515,376.0122593,376.0122593,376.0122593
2/6/2019 5:00,162043,514.1134416,514.1134416,514.1134416
2/6/2019 6:00,192427,610.5126863,610.5126863,610.5126863
2/6/2019 7:00,186881,592.9169052,592.9169052,592.9169052
2/6/2019 8:00,181665,576.3681144,576.3681144,576.3681144
2/6/2019 9:00,174642,554.086259,554.086259,554.086259
2/6/2019 10:00,166592,528.5460431,528.5460431,528.5460431
2/6/2019 11:00,159562,506.2419788,506.2419788,506.2419788
2/6/2019 12:00,155366,492.9293395,492.9293395,492.9293395
2/6/2019 13:00,154209,489.2585284,489.2585284,489.2585284
2/6/2019 14:00,155330,492.8151224,492.8151224,492.8151224
2/6/2019 15:00,157928,501.0577908,501.0577908,501.0577908
2/6/2019 16:00,164481,521.8484784,521.8484784,521.8484784
2/6/2019 17:00,168521,534.6661768,534.6661768,534.6661768
2/6/2019 18:00,168720,535.2975436,535.2975436,535.2975436
2/6/2019 19:00,167058,530.0245202,530.0245202,530.0245202
2/6/2019 20:00,162195,514.5956916,514.5956916,514.5956916
2/6/2019 21:00,146762,465.6314491,465.6314491,465.6314491
2/6/2019 22:00,115926,367.7981451,367.7981451,367.7981451
2/6/2019 23:00,94650,300.2958304,300.2958304,300.2958304
2/7/2019 0:00,95137,301.8409341,301.8409341,301.8409341
2/7/2019 1:00,98860,313.6528874,313.6528874,313.6528874
2/7/2019 2:00,101169,320.9786462,320.9786462,320.9786462
2/7/2019 3:00,108795,345.1736383,345.1736383,345.1736383
2/7/2019 4:00,125415,397.9038729,397.9038729,397.9038729
2/7/2019 5:00,170443,540.7641016,540.7641016,540.7641016
2/7/2019 6:00,202272,641.7478944,641.7478944,641.7478944
2/7/2019 7:00,196372,623.0289784,623.0289784,623.0289784
2/7/2019 8:00,191616,607.9396285,607.9396285,607.9396285
2/7/2019 9:00,184303,584.7376908,584.7376908,584.7376908
2/7/2019 10:00,175862,557.9569501,557.9569501,557.9569501
2/7/2019 11:00,168577,534.8438479,534.8438479,534.8438479
2/7/2019 12:00,164111,520.6745803,520.6745803,520.6745803
2/7/2019 13:00,162615,515.9282246,515.9282246,515.9282246
2/7/2019 14:00,163992,520.2970293,520.2970293,520.2970293
2/7/2019 15:00,166586,528.5270069,528.5270069,528.5270069
2/7/2019 16:00,173197,549.5017109,549.5017109,549.5017109
2/7/2019 17:00,177377,562.763587,562.763587,562.763587
2/7/2019 18:00,177347,562.6684061,562.6684061,562.6684061
2/7/2019 19:00,175519,556.8687148,556.8687148,556.8687148
2/7/2019 20:00,170204,540.0058269,540.0058269,540.0058269
2/7/2019 21:00,154046,488.7413787,488.7413787,488.7413787
2/7/2019 22:00,122562,388.8521666,388.8521666,388.8521666
2/7/2019 23:00,100751,319.6524586,319.6524586,319.6524586
2/8/2019 0:00,101811,323.0155181,323.0155181,323.0155181
2/8/2019 1:00,104895,332.8001176,332.8001176,332.8001176
2/8/2019 2:00,107729,341.7915427,341.7915427,341.7915427
2/8/2019 3:00,114676,363.8322731,363.8322731,363.8322731
2/8/2019 4:00,131195,416.2420652,416.2420652,416.2420652
2/8/2019 5:00,176388,559.625789,559.625789,559.625789
2/8/2019 6:00,212358,673.7477227,673.7477227,673.7477227
2/8/2019 7:00,205166,650.9296813,650.9296813,650.9296813
2/8/2019 8:00,201538,639.4191344,639.4191344,639.4191344
2/8/2019 9:00,193766,614.7609284,614.7609284,614.7609284
2/8/2019 10:00,185741,589.3000299,589.3000299,589.3000299
2/8/2019 11:00,178405,566.0251202,566.0251202,566.0251202
2/8/2019 12:00,173570,550.6851271,550.6851271,550.6851271
2/8/2019 13:00,170783,541.8428188,541.8428188,541.8428188
2/8/2019 14:00,172712,547.9629526,547.9629526,547.9629526
2/8/2019 15:00,174971,555.1300765,555.1300765,555.1300765
2/8/2019 16:00,181676,576.4030141,576.4030141,576.4030141
2/8/2019 17:00,185247,587.7327173,587.7327173,587.7327173
2/8/2019 18:00,185811,589.5221188,589.5221188,589.5221188
2/8/2019 19:00,183429,581.964753,581.964753,581.964753
2/8/2019 20:00,177061,561.7610145,561.7610145,561.7610145
2/8/2019 21:00,160374,508.8182092,508.8182092,508.8182092
2/8/2019 22:00,129814,411.8605698,411.8605698,411.8605698
2/8/2019 23:00,107629,341.4742729,341.4742729,341.4742729
2/9/2019 0:00,111290,353.0895189,353.0895189,353.0895189
2/9/2019 1:00,113330,359.5618221,359.5618221,359.5618221
2/9/2019 2:00,116047,368.1820415,368.1820415,368.1820415
2/9/2019 3:00,122481,388.5951781,388.5951781,388.5951781
2/9/2019 4:00,139275,441.877462,441.877462,441.877462
2/9/2019 5:00,185281,587.840589,587.840589,587.840589
2/9/2019 6:00,218703,693.8784891,693.8784891,693.8784891
2/9/2019 7:00,208760,662.3323566,662.3323566,662.3323566
2/9/2019 8:00,204034,647.3381876,647.3381876,647.3381876
2/9/2019 9:00,198304,629.1586302,629.1586302,629.1586302
2/9/2019 10:00,190289,603.7294588,603.7294588,603.7294588
2/9/2019 11:00,184926,586.7142814,586.7142814,586.7142814
2/9/2019 12:00,180465,572.5608773,572.5608773,572.5608773
2/9/2019 13:00,176826,561.0154306,561.0154306,561.0154306
2/9/2019 14:00,177169,562.1036659,562.1036659,562.1036659
2/9/2019 15:00,177656,563.6487696,563.6487696,563.6487696
2/9/2019 16:00,185754,589.341275,589.341275,589.341275
2/9/2019 17:00,190220,603.5105426,603.5105426,603.5105426
2/9/2019 18:00,190372,603.9927927,603.9927927,603.9927927
2/9/2019 19:00,188035,596.5781983,596.5781983,596.5781983
2/9/2019 20:00,182204,578.0781984,578.0781984,578.0781984
2/9/2019 21:00,165745,525.8587682,525.8587682,525.8587682
2/9/2019 22:00,137767,437.093034,437.093034,437.093034
2/9/2019 23:00,116303,368.9942521,368.9942521,368.9942521
2/10/2019 0:00,122937,390.0419282,390.0419282,390.0419282
2/10/2019 1:00,125089,396.8695735,396.8695735,396.8695735
2/10/2019 2:00,126466,401.2383781,401.2383781,401.2383781
2/10/2019 3:00,133463,423.4377434,423.4377434,423.4377434
2/10/2019 4:00,150411,477.2086228,477.2086228,477.2086228
2/10/2019 5:00,200935,637.5059977,637.5059977,637.5059977
2/10/2019 6:00,229517,728.1880413,728.1880413,728.1880413
2/10/2019 7:00,215460,683.5894307,683.5894307,683.5894307
2/10/2019 8:00,212069,672.8308131,672.8308131,672.8308131
2/10/2019 9:00,205056,650.5806846,650.5806846,650.5806846
2/10/2019 10:00,197791,627.5310363,627.5310363,627.5310363
2/10/2019 11:00,193196,612.9524908,612.9524908,612.9524908
2/10/2019 12:00,187754,595.6866703,595.6866703,595.6866703
2/10/2019 13:00,185142,587.3995841,587.3995841,587.3995841
2/10/2019 14:00,186504,591.7207982,591.7207982,591.7207982
2/10/2019 15:00,190303,603.7738765,603.7738765,603.7738765
2/10/2019 16:00,198454,629.6345349,629.6345349,629.6345349
2/10/2019 17:00,203982,647.1732074,647.1732074,647.1732074
2/10/2019 18:00,203150,644.5335229,644.5335229,644.5335229
2/10/2019 19:00,200965,637.6011786,637.6011786,637.6011786
2/10/2019 20:00,195504,620.2750769,620.2750769,620.2750769
2/10/2019 21:00,180195,571.7042489,571.7042489,571.7042489
2/10/2019 22:00,150707,478.1477413,478.1477413,478.1477413
2/10/2019 23:00,127296,403.8717171,403.8717171,403.8717171
2/11/2019 0:00,125214,397.2661607,397.2661607,397.2661607
2/11/2019 1:00,127897,405.7785084,405.7785084,405.7785084
2/11/2019 2:00,130738,414.7921424,414.7921424,414.7921424
2/11/2019 3:00,138698,440.0468155,440.0468155,440.0468155
2/11/2019 4:00,155234,492.5105434,492.5105434,492.5105434
2/11/2019 5:00,202127,641.2878533,641.2878533,641.2878533
2/11/2019 6:00,242335,768.8556794,768.8556794,768.8556794
2/11/2019 7:00,232726,738.3692279,738.3692279,738.3692279
2/11/2019 8:00,230162,730.2344312,730.2344312,730.2344312
2/11/2019 9:00,223184,708.0953472,708.0953472,708.0953472
2/11/2019 10:00,213844,678.4623514,678.4623514,678.4623514
2/11/2019 11:00,204997,650.3934954,650.3934954,650.3934954
2/11/2019 12:00,200516,636.1766374,636.1766374,636.1766374
2/11/2019 13:00,197383,626.2365757,626.2365757,626.2365757
2/11/2019 14:00,197898,627.870515,627.870515,627.870515
2/11/2019 15:00,199598,633.264101,633.264101,633.264101
2/11/2019 16:00,207364,657.9032707,657.9032707,657.9032707
2/11/2019 17:00,212649,674.6709777,674.6709777,674.6709777
2/11/2019 18:00,212493,674.1760369,674.1760369,674.1760369
2/11/2019 19:00,209537,664.7975427,664.7975427,664.7975427
2/11/2019 20:00,200827,637.1633463,637.1633463,637.1633463
2/11/2019 21:00,183768,583.0402975,583.0402975,583.0402975
2/11/2019 22:00,154243,489.3664001,489.3664001,489.3664001
2/11/2019 23:00,130097,412.7584432,412.7584432,412.7584432
2/12/2019 0:00,122457,388.5190333,388.5190333,388.5190333
2/12/2019 1:00,125148,397.0567626,397.0567626,397.0567626
2/12/2019 2:00,127957,405.9688703,405.9688703,405.9688703
2/12/2019 3:00,135976,431.4107325,431.4107325,431.4107325
2/12/2019 4:00,151814,481.6599176,481.6599176,481.6599176
2/12/2019 5:00,198631,630.1961024,630.1961024,630.1961024
2/12/2019 6:00,237414,753.2428344,753.2428344,753.2428344
2/12/2019 7:00,228248,724.161888,724.161888,724.161888
2/12/2019 8:00,227961,723.2513238,723.2513238,723.2513238
2/12/2019 9:00,218706,693.8880072,693.8880072,693.8880072
2/12/2019 10:00,209667,665.2099934,665.2099934,665.2099934
2/12/2019 11:00,201832,640.3519075,640.3519075,640.3519075
2/12/2019 12:00,196844,624.5264917,624.5264917,624.5264917
2/12/2019 13:00,193251,613.1269891,613.1269891,613.1269891
2/12/2019 14:00,195194,619.2915406,619.2915406,619.2915406
2/12/2019 15:00,197759,627.42951,627.42951,627.42951
2/12/2019 16:00,204620,649.1973884,649.1973884,649.1973884
2/12/2019 17:00,208592,661.7993434,661.7993434,661.7993434
2/12/2019 18:00,207383,657.963552,657.963552,657.963552
2/12/2019 19:00,204905,650.1016073,650.1016073,650.1016073
2/12/2019 20:00,197316,626.024005,626.024005,626.024005
2/12/2019 21:00,178899,567.5924328,567.5924328,567.5924328
2/12/2019 22:00,149165,473.2554415,473.2554415,473.2554415
2/12/2019 23:00,126717,402.0347252,402.0347252,402.0347252
2/13/2019 0:00,120414,382.0372121,382.0372121,382.0372121
2/13/2019 1:00,123006,390.2608443,390.2608443,390.2608443
2/13/2019 2:00,125798,399.1190161,399.1190161,399.1190161
2/13/2019 3:00,133875,424.7448948,424.7448948,424.7448948
2/13/2019 4:00,149533,474.4229943,474.4229943,474.4229943
2/13/2019 5:00,195782,621.1570868,621.1570868,621.1570868
2/13/2019 6:00,233577,741.0691936,741.0691936,741.0691936
2/13/2019 7:00,224831,713.3207802,713.3207802,713.3207802
2/13/2019 8:00,224531,712.3689709,712.3689709,712.3689709
2/13/2019 9:00,215420,683.4625228,683.4625228,683.4625228
2/13/2019 10:00,206603,655.4888478,655.4888478,655.4888478
2/13/2019 11:00,198860,630.9226501,630.9226501,630.9226501
2/13/2019 12:00,194106,615.8396456,615.8396456,615.8396456
2/13/2019 13:00,190525,604.4782154,604.4782154,604.4782154
2/13/2019 14:00,192488,610.7062208,610.7062208,610.7062208
2/13/2019 15:00,194962,618.5554748,618.5554748,618.5554748
2/13/2019 16:00,201561,639.4921064,639.4921064,639.4921064
2/13/2019 17:00,205602,652.3129775,652.3129775,652.3129775
2/13/2019 18:00,204487,648.7754197,648.7754197,648.7754197
2/13/2019 19:00,201994,640.8658845,640.8658845,640.8658845
2/13/2019 20:00,194441,616.9024993,616.9024993,616.9024993
2/13/2019 21:00,176169,558.9309683,558.9309683,558.9309683
2/13/2019 22:00,146758,465.6187583,465.6187583,465.6187583
2/13/2019 23:00,124633,395.4228233,395.4228233,395.4228233
2/14/2019 0:00,122184,387.6528869,387.6528869,387.6528869
2/14/2019 1:00,124883,396.2159978,396.2159978,396.2159978
2/14/2019 2:00,127691,405.1249327,405.1249327,405.1249327
2/14/2019 3:00,135702,430.5414134,430.5414134,430.5414134
2/14/2019 4:00,151539,480.7874257,480.7874257,480.7874257
2/14/2019 5:00,198291,629.1173852,629.1173852,629.1173852
2/14/2019 6:00,236916,751.662831,751.662831,751.662831
2/14/2019 7:00,227810,722.7722464,722.7722464,722.7722464
2/14/2019 8:00,227547,721.9378269,721.9378269,721.9378269
2/14/2019 9:00,218318,692.6570005,692.6570005,692.6570005
2/14/2019 10:00,209293,664.0234045,664.0234045,664.0234045
2/14/2019 11:00,201471,639.2065636,639.2065636,639.2065636
2/14/2019 12:00,196499,623.431911,623.431911,623.431911
2/14/2019 13:00,192911,612.0482719,612.0482719,612.0482719
2/14/2019 14:00,194860,618.2318596,618.2318596,618.2318596
2/14/2019 15:00,197403,626.3000297,626.3000297,626.3000297
2/14/2019 16:00,204247,648.0139722,648.0139722,648.0139722
2/14/2019 17:00,208205,660.5715094,660.5715094,660.5715094
2/14/2019 18:00,207015,656.7959993,656.7959993,656.7959993
2/14/2019 19:00,204529,648.908673,648.908673,648.908673
2/14/2019 20:00,196946,624.8501069,624.8501069,624.8501069
2/14/2019 21:00,178546,566.4724705,566.4724705,566.4724705
2/14/2019 22:00,148832,472.1989332,472.1989332,472.1989332
2/14/2019 23:00,126437,401.1463699,401.1463699,401.1463699
2/15/2019 0:00,113051,358.6766394,358.6766394,358.6766394
2/15/2019 1:00,115139,365.3012321,365.3012321,365.3012321
2/15/2019 2:00,118236,375.1270766,375.1270766,375.1270766
2/15/2019 3:00,125353,397.7071656,397.7071656,397.7071656
2/15/2019 4:00,141055,447.5248638,447.5248638,447.5248638
2/15/2019 5:00,185821,589.5538458,589.5538458,589.5538458
2/15/2019 6:00,224145,711.1443096,711.1443096,711.1443096
2/15/2019 7:00,215297,683.072281,683.072281,683.072281
2/15/2019 8:00,214456,680.4040423,680.4040423,680.4040423
2/15/2019 9:00,206258,654.3942672,654.3942672,654.3942672
2/15/2019 10:00,198087,628.4701548,628.4701548,628.4701548
2/15/2019 11:00,190628,604.8050032,604.8050032,604.8050032
2/15/2019 12:00,185943,589.9409149,589.9409149,589.9409149
2/15/2019 13:00,182073,577.662575,577.662575,577.662575
2/15/2019 14:00,184511,585.3976119,585.3976119,585.3976119
2/15/2019 15:00,186510,591.7398344,591.7398344,591.7398344
2/15/2019 16:00,193212,613.0032539,613.0032539,613.0032539
2/15/2019 17:00,196110,622.1977316,622.1977316,622.1977316
2/15/2019 18:00,196511,623.4699834,623.4699834,623.4699834
2/15/2019 19:00,193316,613.3332145,613.3332145,613.3332145
2/15/2019 20:00,186036,590.2359757,590.2359757,590.2359757
2/15/2019 21:00,168508,534.6249317,534.6249317,534.6249317
2/15/2019 22:00,139630,443.0037697,443.0037697,443.0037697
2/15/2019 23:00,118058,374.5623365,374.5623365,374.5623365
2/16/2019 0:00,98061,311.117902,311.117902,311.117902
2/16/2019 1:00,99752,316.4829337,316.4829337,316.4829337
2/16/2019 2:00,103023,326.8608276,326.8608276,326.8608276
2/16/2019 3:00,109591,347.6991056,347.6991056,347.6991056
2/16/2019 4:00,126309,400.7402646,400.7402646,400.7402646
2/16/2019 5:00,172455,547.1475693,547.1475693,547.1475693
2/16/2019 6:00,204750,649.6098391,649.6098391,649.6098391
2/16/2019 7:00,195084,618.9425439,618.9425439,618.9425439
2/16/2019 8:00,189678,601.7909405,601.7909405,601.7909405
2/16/2019 9:00,182859,580.1563154,580.1563154,580.1563154
2/16/2019 10:00,174715,554.3178659,554.3178659,554.3178659
2/16/2019 11:00,169996,539.3459058,539.3459058,539.3459058
2/16/2019 12:00,164632,522.3275557,522.3275557,522.3275557
2/16/2019 13:00,161503,512.4001849,512.4001849,512.4001849
2/16/2019 14:00,161379,512.0067704,512.0067704,512.0067704
2/16/2019 15:00,163320,518.1649764,518.1649764,518.1649764
2/16/2019 16:00,171135,542.9596084,542.9596084,542.9596084
2/16/2019 17:00,176966,561.4596083,561.4596083,561.4596083
2/16/2019 18:00,177746,563.9343124,563.9343124,563.9343124
2/16/2019 19:00,175734,557.5508448,557.5508448,557.5508448
2/16/2019 20:00,170150,539.8345012,539.8345012,539.8345012
2/16/2019 21:00,155503,493.3639991,493.3639991,493.3639991
2/16/2019 22:00,125823,399.1983335,399.1983335,399.1983335
2/16/2019 23:00,104087,330.2365779,330.2365779,330.2365779
2/17/2019 0:00,93992,298.2081954,298.2081954,298.2081954
2/17/2019 1:00,96820,307.1805842,307.1805842,307.1805842
2/17/2019 2:00,97262,308.5829166,308.5829166,308.5829166
2/17/2019 3:00,105450,334.5609648,334.5609648,334.5609648
2/17/2019 4:00,126250,400.5530754,400.5530754,400.5530754
2/17/2019 5:00,173156,549.3716303,549.3716303,549.3716303
2/17/2019 6:00,192841,611.8261831,611.8261831,611.8261831
2/17/2019 7:00,182271,578.2907692,578.2907692,578.2907692
2/17/2019 8:00,178056,564.9178487,564.9178487,564.9178487
2/17/2019 9:00,171471,544.0256348,544.0256348,544.0256348
2/17/2019 10:00,163957,520.1859848,520.1859848,520.1859848
2/17/2019 11:00,159772,506.9082453,506.9082453,506.9082453
2/17/2019 12:00,155162,492.2821092,492.2821092,492.2821092
2/17/2019 13:00,153484,486.9583226,486.9583226,486.9583226
2/17/2019 14:00,156198,495.5690239,495.5690239,495.5690239
2/17/2019 15:00,159303,505.4202501,505.4202501,505.4202501
2/17/2019 16:00,164905,523.1937022,523.1937022,523.1937022
2/17/2019 17:00,172226,546.4210215,546.4210215,546.4210215
2/17/2019 18:00,173600,550.7803081,550.7803081,550.7803081
2/17/2019 19:00,171892,545.3613405,545.3613405,545.3613405
2/17/2019 20:00,167489,531.3919529,531.3919529,531.3919529
2/17/2019 21:00,152774,484.7057073,484.7057073,484.7057073
2/17/2019 22:00,122008,387.0944921,387.0944921,387.0944921
2/17/2019 23:00,101563,322.2286891,322.2286891,322.2286891
2/18/2019 0:00,94316,299.2361494,299.2361494,299.2361494
2/18/2019 1:00,97386,308.9763311,308.9763311,308.9763311
2/18/2019 2:00,99783,316.5812873,316.5812873,316.5812873
2/18/2019 3:00,107801,342.0199769,342.0199769,342.0199769
2/18/2019 4:00,124419,394.7438661,394.7438661,394.7438661
2/18/2019 5:00,169024,536.2620437,536.2620437,536.2620437
2/18/2019 6:00,200470,636.0306933,636.0306933,636.0306933
2/18/2019 7:00,193611,614.2691603,614.2691603,614.2691603
2/18/2019 8:00,189109,599.9856756,599.9856756,599.9856756
2/18/2019 9:00,182335,578.4938218,578.4938218,578.4938218
2/18/2019 10:00,174447,553.4675829,553.4675829,553.4675829
2/18/2019 11:00,167148,530.310063,530.310063,530.310063
2/18/2019 12:00,162432,515.347621,515.347621,515.347621
2/18/2019 13:00,161409,512.1019513,512.1019513,512.1019513
2/18/2019 14:00,162427,515.3317575,515.3317575,515.3317575
2/18/2019 15:00,164654,522.3973551,522.3973551,522.3973551
2/18/2019 16:00,170905,542.2298879,542.2298879,542.2298879
2/18/2019 17:00,176537,560.098521,560.098521,560.098521
2/18/2019 18:00,177402,562.8429044,562.8429044,562.8429044
2/18/2019 19:00,175465,556.6973891,556.6973891,556.6973891
2/18/2019 20:00,168407,534.3044893,534.3044893,534.3044893
2/18/2019 21:00,153319,486.4348275,486.4348275,486.4348275
2/18/2019 22:00,122163,387.5862602,387.5862602,387.5862602
2/18/2019 23:00,100277,318.1485999,318.1485999,318.1485999
2/19/2019 0:00,96540,306.2922289,306.2922289,306.2922289
2/19/2019 1:00,100234,318.0121739,318.0121739,318.0121739
2/19/2019 2:00,102574,325.4362864,325.4362864,325.4362864
2/19/2019 3:00,110238,349.751841,349.751841,349.751841
2/19/2019 4:00,126881,402.5550476,402.5550476,402.5550476
2/19/2019 5:00,172092,545.99588,545.99588,545.99588
2/19/2019 6:00,204227,647.9505183,647.9505183,647.9505183
2/19/2019 7:00,198198,628.8223243,628.8223243,628.8223243
2/19/2019 8:00,193657,614.4151044,614.4151044,614.4151044
2/19/2019 9:00,186250,590.914933,590.914933,590.914933
2/19/2019 10:00,177765,563.9945937,563.9945937,563.9945937
2/19/2019 11:00,170439,540.7514109,540.7514109,540.7514109
2/19/2019 12:00,165947,526.4996531,526.4996531,526.4996531
2/19/2019 13:00,164348,521.4265096,521.4265096,521.4265096
2/19/2019 14:00,165764,525.9190494,525.9190494,525.9190494
2/19/2019 15:00,168347,534.1141274,534.1141274,534.1141274
2/19/2019 16:00,174978,555.1522854,555.1522854,555.1522854
2/19/2019 17:00,179150,568.3887799,568.3887799,568.3887799
2/19/2019 18:00,179080,568.166691,568.166691,568.166691
2/19/2019 19:00,177209,562.2305738,562.2305738,562.2305738
2/19/2019 20:00,171772,544.9806168,544.9806168,544.9806168
2/19/2019 21:00,155463,493.2370912,493.2370912,493.2370912
2/19/2019 22:00,123972,393.3256702,393.3256702,393.3256702
2/19/2019 23:00,102101,323.9356004,323.9356004,323.9356004
2/20/2019 0:00,104784,332.4479482,332.4479482,332.4479482
2/20/2019 1:00,107912,342.3721463,342.3721463,342.3721463
2/20/2019 2:00,110488,350.5450154,350.5450154,350.5450154
2/20/2019 3:00,118240,375.1397674,375.1397674,375.1397674
2/20/2019 4:00,134255,425.9505199,425.9505199,425.9505199
2/20/2019 5:00,178906,567.6146417,567.6146417,567.6146417
2/20/2019 6:00,212151,673.0909743,673.0909743,673.0909743
2/20/2019 7:00,205305,651.3706863,651.3706863,651.3706863
2/20/2019 8:00,203108,644.4002696,644.4002696,644.4002696
2/20/2019 9:00,195124,619.0694518,619.0694518,619.0694518
2/20/2019 10:00,186729,592.4346552,592.4346552,592.4346552
2/20/2019 11:00,179382,569.1248457,569.1248457,569.1248457
2/20/2019 12:00,175003,555.2316028,555.2316028,555.2316028
2/20/2019 13:00,172499,547.287168,547.287168,547.287168
2/20/2019 14:00,174178,552.6141273,552.6141273,552.6141273
2/20/2019 15:00,176498,559.9747858,559.9747858,559.9747858
2/20/2019 16:00,182946,580.4323401,580.4323401,580.4323401
2/20/2019 17:00,186877,592.9042144,592.9042144,592.9042144
2/20/2019 18:00,186497,591.6985893,591.6985893,591.6985893
2/20/2019 19:00,184282,584.6710641,584.6710641,584.6710641
2/20/2019 20:00,177908,564.4482894,564.4482894,564.4482894
2/20/2019 21:00,160923,510.5600202,510.5600202,510.5600202
2/20/2019 22:00,130955,415.4806177,415.4806177,415.4806177
2/20/2019 23:00,109577,347.6546879,347.6546879,347.6546879
2/21/2019 0:00,115895,367.6997915,367.6997915,367.6997915
2/21/2019 1:00,118721,376.665835,376.665835,376.665835
2/21/2019 2:00,121481,385.4224804,385.4224804,385.4224804
2/21/2019 3:00,129282,410.1726946,410.1726946,410.1726946
2/21/2019 4:00,145015,460.0887464,460.0887464,460.0887464
2/21/2019 5:00,190100,603.1298189,603.1298189,603.1298189
2/21/2019 6:00,225255,714.666004,714.666004,714.666004
2/21/2019 7:00,217368,689.6429378,689.6429378,689.6429378
2/21/2019 8:00,217664,690.5820563,690.5820563,690.5820563
2/21/2019 9:00,209048,663.2460935,663.2460935,663.2460935
2/21/2019 10:00,200356,635.6690058,635.6690058,635.6690058
2/21/2019 11:00,192872,611.9245367,611.9245367,611.9245367
2/21/2019 12:00,188278,597.3491638,597.3491638,597.3491638
2/21/2019 13:00,184800,586.3145215,586.3145215,586.3145215
2/21/2019 14:00,186905,592.99305,592.99305,592.99305
2/21/2019 15:00,188970,599.5446706,599.5446706,599.5446706
2/21/2019 16:00,195413,619.9863614,619.9863614,619.9863614
2/21/2019 17:00,199088,631.6460252,631.6460252,631.6460252
2/21/2019 18:00,198273,629.0602766,629.0602766,629.0602766
2/21/2019 19:00,195657,620.7604996,620.7604996,620.7604996
2/21/2019 20:00,188208,597.127075,597.127075,597.127075
2/21/2019 21:00,170239,540.1168713,540.1168713,540.1168713
2/21/2019 22:00,141150,447.8262701,447.8262701,447.8262701
2/21/2019 23:00,119954,380.5777712,380.5777712,380.5777712
2/22/2019 0:00,122984,390.191045,390.191045,390.191045
2/22/2019 1:00,124756,395.8130652,395.8130652,395.8130652
2/22/2019 2:00,128012,406.1433686,406.1433686,406.1433686
2/22/2019 3:00,135423,429.6562307,429.6562307,429.6562307
2/22/2019 4:00,151326,480.1116411,480.1116411,480.1116411
2/22/2019 5:00,198202,628.8350151,628.8350151,628.8350151
2/22/2019 6:00,240449,762.8719717,762.8719717,762.8719717
2/22/2019 7:00,230171,730.2629855,730.2629855,730.2629855
2/22/2019 8:00,229603,728.4608933,728.4608933,728.4608933
2/22/2019 9:00,220733,700.3190653,700.3190653,700.3190653
2/22/2019 10:00,212060,672.8022588,672.8022588,672.8022588
2/22/2019 11:00,204141,647.6776663,647.6776663,647.6776663
2/22/2019 12:00,199082,631.626989,631.626989,631.626989
2/22/2019 13:00,194816,618.0922609,618.0922609,618.0922609
2/22/2019 14:00,197382,626.233403,626.233403,626.233403
2/22/2019 15:00,199628,633.3592819,633.3592819,633.3592819
2/22/2019 16:00,206749,655.9520617,655.9520617,655.9520617
2/22/2019 17:00,209715,665.3622829,665.3622829,665.3622829
2/22/2019 18:00,209934,666.0571036,666.0571036,666.0571036
2/22/2019 19:00,206536,655.2762771,655.2762771,655.2762771
2/22/2019 20:00,198746,630.5609626,630.5609626,630.5609626
2/22/2019 21:00,180343,572.1738082,572.1738082,572.1738082
2/22/2019 22:00,150675,478.046215,478.046215,478.046215
2/22/2019 23:00,127958,405.972043,405.972043,405.972043
2/23/2019 0:00,124506,395.0198908,395.0198908,395.0198908
2/23/2019 1:00,126367,400.924281,400.924281,400.924281
2/23/2019 2:00,128973,409.1923311,409.1923311,409.1923311
2/23/2019 3:00,135662,430.4145055,430.4145055,430.4145055
2/23/2019 4:00,152582,484.0965493,484.0965493,484.0965493
2/23/2019 5:00,202168,641.4179339,641.4179339,641.4179339
2/23/2019 6:00,242455,769.2364032,769.2364032,769.2364032
2/23/2019 7:00,229606,728.4704114,728.4704114,728.4704114
2/23/2019 8:00,224016,710.7350316,710.7350316,710.7350316
2/23/2019 9:00,217431,689.8428177,689.8428177,689.8428177
2/23/2019 10:00,208597,661.8152069,661.8152069,661.8152069
2/23/2019 11:00,202665,642.9947646,642.9947646,642.9947646
2/23/2019 12:00,197651,627.0868587,627.0868587,627.0868587
2/23/2019 13:00,193769,614.7704465,614.7704465,614.7704465
2/23/2019 14:00,193825,614.9481176,614.9481176,614.9481176
2/23/2019 15:00,195021,618.7426639,618.7426639,618.7426639
2/23/2019 16:00,203875,646.8337287,646.8337287,646.8337287
2/23/2019 17:00,208743,662.2784208,662.2784208,662.2784208
2/23/2019 18:00,208261,660.7491805,660.7491805,660.7491805
2/23/2019 19:00,206131,653.9913346,653.9913346,653.9913346
2/23/2019 20:00,200163,635.0566751,635.0566751,635.0566751
2/23/2019 21:00,182784,579.9183631,579.9183631,579.9183631
2/23/2019 22:00,153603,487.3358736,487.3358736,487.3358736
2/23/2019 23:00,129832,411.9176783,411.9176783,411.9176783
2/24/2019 0:00,121450,385.3241268,385.3241268,385.3241268
2/24/2019 1:00,123931,393.1955896,393.1955896,393.1955896
2/24/2019 2:00,125334,397.6468844,397.6468844,397.6468844
2/24/2019 3:00,132654,420.871031,420.871031,420.871031
2/24/2019 4:00,150329,476.9484616,476.9484616,476.9484616
2/24/2019 5:00,200986,637.6678053,637.6678053,637.6678053
2/24/2019 6:00,227480,721.7252562,721.7252562,721.7252562
2/24/2019 7:00,214260,679.7821936,679.7821936,679.7821936
2/24/2019 8:00,211477,670.9525761,670.9525761,670.9525761
2/24/2019 9:00,204620,649.1973884,649.1973884,649.1973884
2/24/2019 10:00,197401,626.2936843,626.2936843,626.2936843
2/24/2019 11:00,192695,611.3629692,611.3629692,611.3629692
2/24/2019 12:00,187442,594.6967886,594.6967886,594.6967886
2/24/2019 13:00,184736,586.1114688,586.1114688,586.1114688
2/24/2019 14:00,186346,591.219512,591.219512,591.219512
2/24/2019 15:00,189826,602.2604997,602.2604997,602.2604997
2/24/2019 16:00,197795,627.5437271,627.5437271,627.5437271
2/24/2019 17:00,203205,644.7080213,644.7080213,644.7080213
2/24/2019 18:00,202609,642.8170935,642.8170935,642.8170935
2/24/2019 19:00,200161,635.0503297,635.0503297,635.0503297
2/24/2019 20:00,194480,617.0262345,617.0262345,617.0262345
2/24/2019 21:00,178788,567.2402633,567.2402633,567.2402633
2/24/2019 22:00,149019,472.7922277,472.7922277,472.7922277
2/24/2019 23:00,125680,398.7446378,398.7446378,398.7446378
2/25/2019 0:00,111845,354.8503661,354.8503661,354.8503661
2/25/2019 1:00,114677,363.8354458,363.8354458,363.8354458
2/25/2019 2:00,117334,372.2653034,372.2653034,372.2653034
2/25/2019 3:00,125152,397.0694534,397.0694534,397.0694534
2/25/2019 4:00,141531,449.0350679,449.0350679,449.0350679
2/25/2019 5:00,186572,591.9365417,591.9365417,591.9365417
2/25/2019 6:00,222178,704.9036134,704.9036134,704.9036134
2/25/2019 7:00,214032,679.0588185,679.0588185,679.0588185
2/25/2019 8:00,211182,670.0166303,670.0166303,670.0166303
2/25/2019 9:00,204597,649.1244164,649.1244164,649.1244164
2/25/2019 10:00,195941,621.6615457,621.6615457,621.6615457
2/25/2019 11:00,187766,595.7247426,595.7247426,595.7247426
2/25/2019 12:00,183444,582.0123435,582.0123435,582.0123435
2/25/2019 13:00,181020,574.3217244,574.3217244,574.3217244
2/25/2019 14:00,181771,576.7044204,576.7044204,576.7044204
2/25/2019 15:00,183397,581.8632267,581.8632267,581.8632267
2/25/2019 16:00,190447,604.230745,604.230745,604.230745
2/25/2019 17:00,195658,620.7636723,620.7636723,620.7636723
2/25/2019 18:00,195980,621.7852809,621.7852809,621.7852809
2/25/2019 19:00,193327,613.3681141,613.3681141,613.3681141
2/25/2019 20:00,185250,587.7422354,587.7422354,587.7422354
2/25/2019 21:00,169103,536.5126868,536.5126868,536.5126868
2/25/2019 22:00,139589,442.8736891,442.8736891,442.8736891
2/25/2019 23:00,116909,370.9169069,370.9169069,370.9169069
2/26/2019 0:00,101948,323.4501777,323.4501777,323.4501777
2/26/2019 1:00,105452,334.5673102,334.5673102,334.5673102
2/26/2019 2:00,107896,342.3213832,342.3213832,342.3213832
2/26/2019 3:00,115647,366.9129625,366.9129625,366.9129625
2/26/2019 4:00,132177,419.3576542,419.3576542,419.3576542
2/26/2019 5:00,177783,564.0517022,564.0517022,564.0517022
2/26/2019 6:00,211254,670.2450645,670.2450645,670.2450645
2/26/2019 7:00,204603,649.1434526,649.1434526,649.1434526
2/26/2019 8:00,200937,637.5123431,637.5123431,637.5123431
2/26/2019 9:00,193156,612.8255828,612.8255828,612.8255828
2/26/2019 10:00,184546,585.5086563,585.5086563,585.5086563
2/26/2019 11:00,177100,561.8847497,561.8847497,561.8847497
2/26/2019 12:00,172507,547.3125495,547.3125495,547.3125495
2/26/2019 13:00,170495,540.9290819,540.9290819,540.9290819
2/26/2019 14:00,172028,545.7928274,545.7928274,545.7928274
2/26/2019 15:00,174598,553.9466603,553.9466603,553.9466603
2/26/2019 16:00,181285,575.1624893,575.1624893,575.1624893
2/26/2019 17:00,185411,588.2530397,588.2530397,588.2530397
2/26/2019 18:00,185120,587.3297847,587.3297847,587.3297847
2/26/2019 19:00,183111,580.9558352,580.9558352,580.9558352
2/26/2019 20:00,177225,562.281337,562.281337,562.281337
2/26/2019 21:00,160451,509.062507,509.062507,509.062507
2/26/2019 22:00,129253,410.0806864,410.0806864,410.0806864
2/26/2019 23:00,107242,340.2464389,340.2464389,340.2464389
2/27/2019 0:00,98018,310.981476,310.981476,310.981476
2/27/2019 1:00,101540,322.155717,322.155717,322.155717
2/27/2019 2:00,104010,329.9922802,329.9922802,329.9922802
2/27/2019 3:00,111736,354.5045421,354.5045421,354.5045421
2/27/2019 4:00,128324,407.1332503,407.1332503,407.1332503
2/27/2019 5:00,173449,550.3012307,550.3012307,550.3012307
2/27/2019 6:00,205882,653.2013328,653.2013328,653.2013328
2/27/2019 7:00,199634,633.3783181,633.3783181,633.3783181
2/27/2019 8:00,195511,620.2972858,620.2972858,620.2972858
2/27/2019 9:00,187889,596.1149844,596.1149844,596.1149844
2/27/2019 10:00,179487,569.457979,569.457979,569.457979
2/27/2019 11:00,172127,546.1069244,546.1069244,546.1069244
2/27/2019 12:00,167735,532.1724365,532.1724365,532.1724365
2/27/2019 13:00,165968,526.5662798,526.5662798,526.5662798
2/27/2019 14:00,167340,530.9192209,530.9192209,530.9192209
2/27/2019 15:00,169899,539.0381541,539.0381541,539.0381541
2/27/2019 16:00,176566,560.1905292,560.1905292,560.1905292
2/27/2019 17:00,180659,573.1763806,573.1763806,573.1763806
2/27/2019 18:00,180615,573.0367819,573.0367819,573.0367819
2/27/2019 19:00,178689,566.9261663,566.9261663,566.9261663
2/27/2019 20:00,173070,549.0987783,549.0987783,549.0987783
2/27/2019 21:00,156591,496.8158941,496.8158941,496.8158941
2/27/2019 22:00,125344,397.6786114,397.6786114,397.6786114
2/27/2019 23:00,103475,328.294887,328.294887,328.294887
2/28/2019 0:00,94439,299.6263912,299.6263912,299.6263912
2/28/2019 1:00,98251,311.7207146,311.7207146,311.7207146
2/28/2019 2:00,100550,319.0147464,319.0147464,319.0147464
2/28/2019 3:00,108215,343.3334737,343.3334737,343.3334737
2/28/2019 4:00,125008,396.612585,396.612585,396.612585
2/28/2019 5:00,170325,540.3897233,540.3897233,540.3897233
2/28/2019 6:00,202119,641.2624717,641.2624717,641.2624717
2/28/2019 7:00,196331,622.8988978,622.8988978,622.8988978
2/28/2019 8:00,191229,606.7117945,606.7117945,606.7117945
2/28/2019 9:00,183949,583.6145558,583.6145558,583.6145558
2/28/2019 10:00,175468,556.7069072,556.7069072,556.7069072
2/28/2019 11:00,168146,533.4764152,533.4764152,533.4764152
2/28/2019 12:00,163659,519.2405209,519.2405209,519.2405209
2/28/2019 13:00,162273,514.843162,514.843162,514.843162
2/28/2019 14:00,163613,519.0945769,519.0945769,519.0945769
2/28/2019 15:00,166251,527.4641532,527.4641532,527.4641532
2/28/2019 16:00,172906,548.5784559,548.5784559,548.5784559
2/28/2019 17:00,177141,562.0148304,562.0148304,562.0148304
2/28/2019 18:00,177165,562.0909751,562.0909751,562.0909751
2/28/2019 19:00,175374,556.4086736,556.4086736,556.4086736
2/28/2019 20:00,170156,539.8535374,539.8535374,539.8535374
2/28/2019 21:00,154004,488.6081254,488.6081254,488.6081254
2/28/2019 22:00,122162,387.5830875,387.5830875,387.5830875
2/28/2019 23:00,100185,317.8567118,317.8567118,317.8567118
3/1/2019 0:00,91156,289.2104249,289.2104249,289.2104249
3/1/2019 1:00,94749,300.6099275,300.6099275,300.6099275
3/1/2019 2:00,97283,308.6495433,308.6495433,308.6495433
3/1/2019 3:00,103866,329.5354117,329.5354117,329.5354117
3/1/2019 4:00,120268,381.5739982,381.5739982,381.5739982
3/1/2019 5:00,164284,521.223457,521.223457,521.223457
3/1/2019 6:00,197913,627.9181055,627.9181055,627.9181055
3/1/2019 7:00,191859,608.710594,608.710594,608.710594
3/1/2019 8:00,186377,591.3178656,591.3178656,591.3178656
3/1/2019 9:00,179112,568.2682174,568.2682174,568.2682174
3/1/2019 10:00,171436,543.9145904,543.9145904,543.9145904
3/1/2019 11:00,164437,521.7088797,521.7088797,521.7088797
3/1/2019 12:00,159614,506.406959,506.406959,506.406959
3/1/2019 13:00,157688,500.2963434,500.2963434,500.2963434
3/1/2019 14:00,159197,505.0839441,505.0839441,505.0839441
3/1/2019 15:00,161621,512.7745632,512.7745632,512.7745632
3/1/2019 16:00,168167,533.5430418,533.5430418,533.5430418
3/1/2019 17:00,172114,546.0656794,546.0656794,546.0656794
3/1/2019 18:00,172715,547.9724707,547.9724707,547.9724707
3/1/2019 19:00,170988,542.4932219,542.4932219,542.4932219
3/1/2019 20:00,165479,525.0148306,525.0148306,525.0148306
3/1/2019 21:00,149967,475.799945,475.799945,475.799945
3/1/2019 22:00,119321,378.5694536,378.5694536,378.5694536
3/1/2019 23:00,97357,308.8843229,308.8843229,308.8843229
3/2/2019 0:00,91800,291.2536422,291.2536422,291.2536422
3/2/2019 1:00,93339,296.1364238,296.1364238,296.1364238
3/2/2019 2:00,96817,307.1710662,307.1710662,307.1710662
3/2/2019 3:00,103386,328.0125169,328.0125169,328.0125169
3/2/2019 4:00,119944,380.5460442,380.5460442,380.5460442
3/2/2019 5:00,165804,526.0459574,526.0459574,526.0459574
3/2/2019 6:00,197358,626.1572583,626.1572583,626.1572583
3/2/2019 7:00,187891,596.1213298,596.1213298,596.1213298
3/2/2019 8:00,182247,578.2146244,578.2146244,578.2146244
3/2/2019 9:00,175037,555.3394745,555.3394745,555.3394745
3/2/2019 10:00,166897,529.5137159,529.5137159,529.5137159
3/2/2019 11:00,162492,515.5379828,515.5379828,515.5379828
3/2/2019 12:00,156798,497.4726425,497.4726425,497.4726425
3/2/2019 13:00,153908,488.3035464,488.3035464,488.3035464
3/2/2019 14:00,153582,487.269247,487.269247,487.269247
3/2/2019 15:00,156104,495.2707904,495.2707904,495.2707904
3/2/2019 16:00,163745,519.5133729,519.5133729,519.5133729
3/2/2019 17:00,170103,539.6853845,539.6853845,539.6853845
3/2/2019 18:00,171136,542.9627811,542.9627811,542.9627811
3/2/2019 19:00,169275,537.0583908,537.0583908,537.0583908
3/2/2019 20:00,163839,519.8116065,519.8116065,519.8116065
3/2/2019 21:00,150048,476.0569335,476.0569335,476.0569335
3/2/2019 22:00,119893,380.3842366,380.3842366,380.3842366
3/2/2019 23:00,98215,311.6064974,311.6064974,311.6064974
3/3/2019 0:00,93671,297.1897594,297.1897594,297.1897594
3/3/2019 1:00,96412,305.8861236,305.8861236,305.8861236
3/3/2019 2:00,96908,307.4597816,307.4597816,307.4597816
3/3/2019 3:00,104825,332.5780288,332.5780288,332.5780288
3/3/2019 4:00,124928,396.3587691,396.3587691,396.3587691
3/3/2019 5:00,171047,542.680411,542.680411,542.680411
3/3/2019 6:00,190688,604.9953651,604.9953651,604.9953651
3/3/2019 7:00,180193,571.6979035,571.6979035,571.6979035
3/3/2019 8:00,176268,559.2450653,559.2450653,559.2450653
3/3/2019 9:00,169848,538.8763466,538.8763466,538.8763466
3/3/2019 10:00,162533,515.6680634,515.6680634,515.6680634
3/3/2019 11:00,158412,502.5933765,502.5933765,502.5933765
3/3/2019 12:00,153878,488.2083655,488.2083655,488.2083655
3/3/2019 13:00,152152,482.7322893,482.7322893,482.7322893
3/3/2019 14:00,154737,490.9337127,490.9337127,490.9337127
3/3/2019 15:00,157766,500.5438138,500.5438138,500.5438138
3/3/2019 16:00,163413,518.4600373,518.4600373,518.4600373
3/3/2019 17:00,170407,540.6498845,540.6498845,540.6498845
3/3/2019 18:00,171605,544.4507763,544.4507763,544.4507763
3/3/2019 19:00,169854,538.8953827,538.8953827,538.8953827
3/3/2019 20:00,165444,524.9037862,524.9037862,524.9037862
3/3/2019 21:00,150958,478.9440884,478.9440884,478.9440884
3/3/2019 22:00,120989,383.8615132,383.8615132,383.8615132
3/3/2019 23:00,100801,319.8110935,319.8110935,319.8110935
3/4/2019 0:00,91625,290.6984201,290.6984201,290.6984201
3/4/2019 1:00,94580,300.0737416,300.0737416,300.0737416
3/4/2019 2:00,96903,307.4439182,307.4439182,307.4439182
3/4/2019 3:00,104660,332.0545336,332.0545336,332.0545336
3/4/2019 4:00,120740,383.0715115,383.0715115,383.0715115
3/4/2019 5:00,163901,520.0083138,520.0083138,520.0083138
3/4/2019 6:00,194361,616.6486835,616.6486835,616.6486835
3/4/2019 7:00,187704,595.5280354,595.5280354,595.5280354
3/4/2019 8:00,183464,582.0757974,582.0757974,582.0757974
3/4/2019 9:00,176943,561.3866362,561.3866362,561.3866362
3/4/2019 10:00,169287,537.0964632,537.0964632,537.0964632
3/4/2019 11:00,162210,514.6432821,514.6432821,514.6432821
3/4/2019 12:00,157677,500.2614437,500.2614437,500.2614437
3/4/2019 13:00,156658,497.0284649,497.0284649,497.0284649
3/4/2019 14:00,157648,500.1694355,500.1694355,500.1694355
3/4/2019 15:00,159762,506.8765183,506.8765183,506.8765183
3/4/2019 16:00,165848,526.185556,526.185556,526.185556
3/4/2019 17:00,171288,543.4450311,543.4450311,543.4450311
3/4/2019 18:00,172119,546.0815429,546.0815429,546.0815429
3/4/2019 19:00,170204,540.0058269,540.0058269,540.0058269
3/4/2019 20:00,163334,518.2093942,518.2093942,518.2093942
3/4/2019 21:00,148696,471.7674463,471.7674463,471.7674463
3/4/2019 22:00,118568,376.1804122,376.1804122,376.1804122
3/4/2019 23:00,97374,308.9382587,308.9382587,308.9382587
3/5/2019 0:00,80538,255.5227215,255.5227215,255.5227215
3/5/2019 1:00,84043,266.6430267,266.6430267,266.6430267
3/5/2019 2:00,85978,272.7821966,272.7821966,272.7821966
3/5/2019 3:00,93023,295.1338514,295.1338514,295.1338514
3/5/2019 4:00,108606,344.5739985,344.5739985,344.5739985
3/5/2019 5:00,148735,471.8911816,471.8911816,471.8911816
3/5/2019 6:00,176771,560.8409322,560.8409322,560.8409322
3/5/2019 7:00,171799,545.0662796,545.0662796,545.0662796
3/5/2019 8:00,166786,529.1615464,529.1615464,529.1615464
3/5/2019 9:00,159873,507.2286877,507.2286877,507.2286877
3/5/2019 10:00,152116,482.6180722,482.6180722,482.6180722
3/5/2019 11:00,145619,462.0050558,462.0050558,462.0050558
3/5/2019 12:00,141726,449.6537439,449.6537439,449.6537439
3/5/2019 13:00,140652,446.2462666,446.2462666,446.2462666
3/5/2019 14:00,141830,449.9837044,449.9837044,449.9837044
3/5/2019 15:00,144246,457.6489419,457.6489419,457.6489419
3/5/2019 16:00,150243,476.6756096,476.6756096,476.6756096
3/5/2019 17:00,154376,489.7883689,489.7883689,489.7883689
3/5/2019 18:00,154672,490.7274874,490.7274874,490.7274874
3/5/2019 19:00,153385,486.6442255,486.6442255,486.6442255
3/5/2019 20:00,148981,472.6716652,472.6716652,472.6716652
3/5/2019 21:00,134741,427.492451,427.492451,427.492451
3/5/2019 22:00,105921,336.0553054,336.0553054,336.0553054
3/5/2019 23:00,86061,273.0455305,273.0455305,273.0455305
3/6/2019 0:00,69128,219.3222416,219.3222416,219.3222416
3/6/2019 1:00,72298,229.379693,229.379693,229.379693
3/6/2019 2:00,73990,234.7478974,234.7478974,234.7478974
3/6/2019 3:00,80646,255.8653728,255.8653728,255.8653728
3/6/2019 4:00,95455,302.849852,302.849852,302.849852
3/6/2019 5:00,130855,415.163348,415.163348,415.163348
3/6/2019 6:00,155956,494.8012311,494.8012311,494.8012311
3/6/2019 7:00,151516,480.7144537,480.7144537,480.7144537
3/6/2019 8:00,146937,466.1866712,466.1866712,466.1866712
3/6/2019 9:00,139818,443.6002368,443.6002368,443.6002368
3/6/2019 10:00,132597,420.6901873,420.6901873,420.6901873
3/6/2019 11:00,126762,402.1774966,402.1774966,402.1774966
3/6/2019 12:00,123491,391.7996027,391.7996027,391.7996027
3/6/2019 13:00,122449,388.4936517,388.4936517,388.4936517
3/6/2019 14:00,123494,391.8091208,391.8091208,391.8091208
3/6/2019 15:00,125709,398.836646,398.836646,398.836646
3/6/2019 16:00,131157,416.1215027,416.1215027,416.1215027
3/6/2019 17:00,135264,429.1517718,429.1517718,429.1517718
3/6/2019 18:00,135926,431.2520977,431.2520977,431.2520977
3/6/2019 19:00,135182,428.8916106,428.8916106,428.8916106
3/6/2019 20:00,131338,416.6957609,416.6957609,416.6957609
3/6/2019 21:00,118621,376.3485652,376.3485652,376.3485652
3/6/2019 22:00,92524,293.5506752,293.5506752,293.5506752
3/6/2019 23:00,74465,236.2549288,236.2549288,236.2549288
3/7/2019 0:00,60296,191.3009761,191.3009761,191.3009761
3/7/2019 1:00,63453,201.3171825,201.3171825,201.3171825
3/7/2019 2:00,64808,205.6161878,205.6161878,205.6161878
3/7/2019 3:00,71491,226.8193261,226.8193261,226.8193261
3/7/2019 4:00,86565,274.6445701,274.6445701,274.6445701
3/7/2019 5:00,118814,376.9608959,376.9608959,376.9608959
3/7/2019 6:00,142073,450.75467,450.75467,450.75467
3/7/2019 7:00,138181,438.4065308,438.4065308,438.4065308
3/7/2019 8:00,133607,423.8946119,423.8946119,423.8946119
3/7/2019 9:00,125737,398.9254815,398.9254815,398.9254815
3/7/2019 10:00,118475,375.8853514,375.8853514,375.8853514
3/7/2019 11:00,113012,358.5529042,358.5529042,358.5529042
3/7/2019 12:00,110071,349.2220005,349.2220005,349.2220005
3/7/2019 13:00,109005,345.8399048,345.8399048,345.8399048
3/7/2019 14:00,110062,349.1934462,349.1934462,349.1934462
3/7/2019 15:00,112173,355.8910109,355.8910109,355.8910109
3/7/2019 16:00,117148,371.6751816,371.6751816,371.6751816
3/7/2019 17:00,121690,386.0855742,386.0855742,386.0855742
3/7/2019 18:00,122751,389.4518064,389.4518064,389.4518064
3/7/2019 19:00,122693,389.26779,389.26779,389.26779
3/7/2019 20:00,119305,378.5186904,378.5186904,378.5186904
3/7/2019 21:00,107528,341.1538304,341.1538304,341.1538304
3/7/2019 22:00,82903,263.0261514,263.0261514,263.0261514
3/7/2019 23:00,65759,208.6334233,208.6334233,208.6334233
3/8/2019 0:00,56572,179.4858502,179.4858502,179.4858502
3/8/2019 1:00,59581,189.0324973,189.0324973,189.0324973
3/8/2019 2:00,60916,193.2680486,193.2680486,193.2680486
3/8/2019 3:00,66672,211.5300962,211.5300962,211.5300962
3/8/2019 4:00,80996,256.975817,256.975817,256.975817
3/8/2019 5:00,112183,355.9227379,355.9227379,355.9227379
3/8/2019 6:00,136740,433.8346735,433.8346735,433.8346735
3/8/2019 7:00,132842,421.4674982,421.4674982,421.4674982
3/8/2019 8:00,127696,405.1407962,405.1407962,405.1407962
3/8/2019 9:00,120271,381.5835163,381.5835163,381.5835163
3/8/2019 10:00,113663,360.6183304,360.6183304,360.6183304
3/8/2019 11:00,108375,343.8411053,343.8411053,343.8411053
3/8/2019 12:00,105203,333.7773085,333.7773085,333.7773085
3/8/2019 13:00,103626,328.7739643,328.7739643,328.7739643
3/8/2019 14:00,104708,332.2068231,332.2068231,332.2068231
3/8/2019 15:00,106568,338.1080407,338.1080407,338.1080407
3/8/2019 16:00,111184,352.753213,352.753213,352.753213
3/8/2019 17:00,115217,365.5487025,365.5487025,365.5487025
3/8/2019 18:00,116913,370.9295977,370.9295977,370.9295977
3/8/2019 19:00,116958,371.0723691,371.0723691,371.0723691
3/8/2019 20:00,113620,360.4819044,360.4819044,360.4819044
3/8/2019 21:00,102687,325.7948012,325.7948012,325.7948012
3/8/2019 22:00,79442,252.0454449,252.0454449,252.0454449
3/8/2019 23:00,62501,198.2967744,198.2967744,198.2967744
3/9/2019 0:00,59169,187.7253459,187.7253459,187.7253459
3/9/2019 1:00,61092,193.8264434,193.8264434,193.8264434
3/9/2019 2:00,63135,200.3082647,200.3082647,200.3082647
3/9/2019 3:00,69150,219.3920409,219.3920409,219.3920409
3/9/2019 4:00,84151,266.985678,266.985678,266.985678
3/9/2019 5:00,118544,376.1042675,376.1042675,376.1042675
3/9/2019 6:00,141495,448.9208507,448.9208507,448.9208507
3/9/2019 7:00,135326,429.3484791,429.3484791,429.3484791
3/9/2019 8:00,129609,411.2101667,411.2101667,411.2101667
3/9/2019 9:00,122422,388.4079889,388.4079889,388.4079889
3/9/2019 10:00,114941,364.6730379,364.6730379,364.6730379
3/9/2019 11:00,111643,354.2094812,354.2094812,354.2094812
3/9/2019 12:00,107816,342.0675674,342.0675674,342.0675674
3/9/2019 13:00,104457,331.410476,331.410476,331.410476
3/9/2019 14:00,103751,329.1705515,329.1705515,329.1705515
3/9/2019 15:00,106515,337.9398877,337.9398877,337.9398877
3/9/2019 16:00,112260,356.1670356,356.1670356,356.1670356
3/9/2019 17:00,118249,375.1683217,375.1683217,375.1683217
3/9/2019 18:00,120577,382.5543618,382.5543618,382.5543618
3/9/2019 19:00,120180,381.2948008,381.2948008,381.2948008
3/9/2019 20:00,117069,371.4245385,371.4245385,371.4245385
3/9/2019 21:00,106429,337.6670357,337.6670357,337.6670357
3/9/2019 22:00,83424,264.6791268,264.6791268,264.6791268
3/9/2019 23:00,65570,208.0337834,208.0337834,208.0337834
3/10/2019 0:00,73652,233.6755256,233.6755256,233.6755256
3/10/2019 1:00,77714,246.5630234,246.5630234,246.5630234
3/10/2019 2:00,76869,243.8820939,243.8820939,243.8820939
3/10/2019 3:00,84096,266.8111796,266.8111796,266.8111796
3/10/2019 4:00,102366,324.7763653,324.7763653,324.7763653
3/10/2019 5:00,142047,450.6721798,450.6721798,450.6721798
3/10/2019 6:00,158325,502.3173518,502.3173518,502.3173518
3/10/2019 7:00,149415,474.0486159,474.0486159,474.0486159
3/10/2019 8:00,144126,457.2682182,457.2682182,457.2682182
3/10/2019 9:00,137851,437.3595406,437.3595406,437.3595406
3/10/2019 10:00,130874,415.2236292,415.2236292,415.2236292
3/10/2019 11:00,127185,403.5195477,403.5195477,403.5195477
3/10/2019 12:00,123629,392.2374349,392.2374349,392.2374349
3/10/2019 13:00,121734,386.2251729,386.2251729,386.2251729
3/10/2019 14:00,123995,393.3986423,393.3986423,393.3986423
3/10/2019 15:00,126198,400.3880951,400.3880951,400.3880951
3/10/2019 16:00,132239,419.5543615,419.5543615,419.5543615
3/10/2019 17:00,138512,439.4566937,439.4566937,439.4566937
3/10/2019 18:00,140054,444.3489935,444.3489935,444.3489935
3/10/2019 19:00,139573,442.8229259,442.8229259,442.8229259
3/10/2019 20:00,136657,433.5713396,433.5713396,433.5713396
3/10/2019 21:00,123937,393.2146258,393.2146258,393.2146258
3/10/2019 22:00,99229,314.8236128,314.8236128,314.8236128
3/10/2019 23:00,80109,254.1616342,254.1616342,254.1616342
3/11/2019 0:00,95448,302.8276431,302.8276431,302.8276431
3/11/2019 1:00,98626,312.9104762,312.9104762,312.9104762
3/11/2019 2:00,100959,320.3123797,320.3123797,320.3123797
3/11/2019 3:00,108782,345.1323933,345.1323933,345.1323933
3/11/2019 4:00,125464,398.0593351,398.0593351,398.0593351
3/11/2019 5:00,167808,532.4040434,532.4040434,532.4040434
3/11/2019 6:00,199003,631.3763459,631.3763459,631.3763459
3/11/2019 7:00,192445,610.5697948,610.5697948,610.5697948
3/11/2019 8:00,188655,598.5452708,598.5452708,598.5452708
3/11/2019 9:00,181791,576.7678743,576.7678743,576.7678743
3/11/2019 10:00,173607,550.8025169,550.8025169,550.8025169
3/11/2019 11:00,166042,526.8010594,526.8010594,526.8010594
3/11/2019 12:00,162087,514.2530403,514.2530403,514.2530403
3/11/2019 13:00,160180,508.2027059,508.2027059,508.2027059
3/11/2019 14:00,161104,511.1342785,511.1342785,511.1342785
3/11/2019 15:00,162878,516.7626441,516.7626441,516.7626441
3/11/2019 16:00,169347,537.286825,537.286825,537.286825
3/11/2019 17:00,174626,554.0354958,554.0354958,554.0354958
3/11/2019 18:00,175776,557.6840981,557.6840981,557.6840981
3/11/2019 19:00,173857,551.5956913,551.5956913,551.5956913
3/11/2019 20:00,166863,529.4058441,529.4058441,529.4058441
3/11/2019 21:00,151767,481.5108008,481.5108008,481.5108008
3/11/2019 22:00,122464,388.5412422,388.5412422,388.5412422
3/11/2019 23:00,101064,320.645513,320.645513,320.645513
3/12/2019 0:00,110550,350.7417227,350.7417227,350.7417227
3/12/2019 1:00,113705,360.7515837,360.7515837,360.7515837
3/12/2019 2:00,116351,369.1465416,369.1465416,369.1465416
3/12/2019 3:00,124244,394.188644,394.188644,394.188644
3/12/2019 4:00,140564,445.9670692,445.9670692,445.9670692
3/12/2019 5:00,185976,590.0456139,590.0456139,590.0456139
3/12/2019 6:00,220454,699.4338827,699.4338827,699.4338827
3/12/2019 7:00,213159,676.2890535,676.2890535,676.2890535
3/12/2019 8:00,211984,672.5611338,672.5611338,672.5611338
3/12/2019 9:00,203467,645.5392681,645.5392681,645.5392681
3/12/2019 10:00,194693,617.7020191,617.7020191,617.7020191
3/12/2019 11:00,187180,593.8655418,593.8655418,593.8655418
3/12/2019 12:00,182597,579.3250686,579.3250686,579.3250686
3/12/2019 13:00,179622,569.8862932,569.8862932,569.8862932
3/12/2019 14:00,181545,575.9873907,575.9873907,575.9873907
3/12/2019 15:00,183773,583.056161,583.056161,583.056161
3/12/2019 16:00,190283,603.7104226,603.7104226,603.7104226
3/12/2019 17:00,194218,616.1949877,616.1949877,616.1949877
3/12/2019 18:00,193698,614.545185,614.545185,614.545185
3/12/2019 19:00,191366,607.1464541,607.1464541,607.1464541
3/12/2019 20:00,184467,585.2580132,585.2580132,585.2580132
3/12/2019 21:00,166839,529.3296994,529.3296994,529.3296994
3/12/2019 22:00,136738,433.8283281,433.8283281,433.8283281
3/12/2019 23:00,115160,365.3678587,365.3678587,365.3678587
3/13/2019 0:00,122806,389.6263048,389.6263048,389.6263048
3/13/2019 1:00,125447,398.0053992,398.0053992,398.0053992
3/13/2019 2:00,128200,406.7398358,406.7398358,406.7398358
3/13/2019 3:00,136420,432.8194103,432.8194103,432.8194103
3/13/2019 4:00,152348,483.3541381,483.3541381,483.3541381
3/13/2019 5:00,200408,635.833986,635.833986,635.833986
3/13/2019 6:00,241569,766.4253931,766.4253931,766.4253931
3/13/2019 7:00,231783,735.3773741,735.3773741,735.3773741
3/13/2019 8:00,229669,728.6702913,728.6702913,728.6702913
3/13/2019 9:00,220107,698.3329566,698.3329566,698.3329566
3/13/2019 10:00,210960,669.3122914,669.3122914,669.3122914
3/13/2019 11:00,202889,643.7054489,643.7054489,643.7054489
3/13/2019 12:00,197718,627.2994294,627.2994294,627.2994294
3/13/2019 13:00,194463,616.9722986,616.9722986,616.9722986
3/13/2019 14:00,196033,621.9534339,621.9534339,621.9534339
3/13/2019 15:00,199229,632.0933755,632.0933755,632.0933755
3/13/2019 16:00,206356,654.7051915,654.7051915,654.7051915
3/13/2019 17:00,210797,668.7951417,668.7951417,668.7951417
3/13/2019 18:00,209434,664.4707548,664.4707548,664.4707548
3/13/2019 19:00,207305,657.7160816,657.7160816,657.7160816
3/13/2019 20:00,200116,634.9075583,634.9075583,634.9075583
3/13/2019 21:00,181847,576.9455454,576.9455454,576.9455454
3/13/2019 22:00,151253,479.8800342,479.8800342,479.8800342
3/13/2019 23:00,127622,404.9060166,404.9060166,404.9060166
3/14/2019 0:00,128763,408.5260645,408.5260645,408.5260645
3/14/2019 1:00,131107,415.9628678,415.9628678,415.9628678
3/14/2019 2:00,133879,424.7575856,424.7575856,424.7575856
3/14/2019 3:00,141969,450.4247094,450.4247094,450.4247094
3/14/2019 4:00,157345,499.2081081,499.2081081,499.2081081
3/14/2019 5:00,205307,651.3770317,651.3770317,651.3770317
3/14/2019 6:00,248771,789.2751614,789.2751614,789.2751614
3/14/2019 7:00,237780,754.4040418,754.4040418,754.4040418
3/14/2019 8:00,236508,750.3683704,750.3683704,750.3683704
3/14/2019 9:00,226529,718.7080208,718.7080208,718.7080208
3/14/2019 10:00,217236,689.2241417,689.2241417,689.2241417
3/14/2019 11:00,209123,663.4840459,663.4840459,663.4840459
3/14/2019 12:00,203655,646.1357352,646.1357352,646.1357352
3/14/2019 13:00,200032,634.6410517,634.6410517,634.6410517
3/14/2019 14:00,201618,639.6729502,639.6729502,639.6729502
3/14/2019 15:00,204944,650.2253425,650.2253425,650.2253425
3/14/2019 16:00,212275,673.4843888,673.4843888,673.4843888
3/14/2019 17:00,216614,687.2507238,687.2507238,687.2507238
3/14/2019 18:00,214767,681.3907513,681.3907513,681.3907513
3/14/2019 19:00,212616,674.5662787,674.5662787,674.5662787
3/14/2019 20:00,205100,650.7202833,650.7202833,650.7202833
3/14/2019 21:00,186657,592.206221,592.206221,592.206221
3/14/2019 22:00,156966,498.0056557,498.0056557,498.0056557
3/14/2019 23:00,133225,422.6826414,422.6826414,422.6826414
3/15/2019 0:00,128029,406.1973045,406.1973045,406.1973045
3/15/2019 1:00,129535,410.9753871,410.9753871,410.9753871
3/15/2019 2:00,132735,421.1280195,421.1280195,421.1280195
3/15/2019 3:00,140136,444.6091547,444.6091547,444.6091547
3/15/2019 4:00,155704,494.0017113,494.0017113,494.0017113
3/15/2019 5:00,203592,645.9358553,645.9358553,645.9358553
3/15/2019 6:00,249279,790.8868918,790.8868918,790.8868918
3/15/2019 7:00,237720,754.2136799,754.2136799,754.2136799
3/15/2019 8:00,236433,750.1304181,750.1304181,750.1304181
3/15/2019 9:00,227118,720.5767397,720.5767397,720.5767397
3/15/2019 10:00,218155,692.1398508,692.1398508,692.1398508
3/15/2019 11:00,209994,666.2474655,666.2474655,666.2474655
3/15/2019 12:00,204497,648.8071466,648.8071466,648.8071466
3/15/2019 13:00,200295,635.4754712,635.4754712,635.4754712
3/15/2019 14:00,202717,643.1597449,643.1597449,643.1597449
3/15/2019 15:00,205397,651.6625745,651.6625745,651.6625745
3/15/2019 16:00,212875,675.3880074,675.3880074,675.3880074
3/15/2019 17:00,216085,685.5723667,685.5723667,685.5723667
3/15/2019 18:00,216001,685.3058601,685.3058601,685.3058601
3/15/2019 19:00,212800,675.150055,675.150055,675.150055
3/15/2019 20:00,205018,650.4601221,650.4601221,650.4601221
3/15/2019 21:00,186616,592.0761404,592.0761404,592.0761404
3/15/2019 22:00,156680,497.0982642,497.0982642,497.0982642
3/15/2019 23:00,133010,422.0005114,422.0005114,422.0005114
3/16/2019 0:00,113462,359.9806182,359.9806182,359.9806182
3/16/2019 1:00,115254,365.6660923,365.6660923,365.6660923
3/16/2019 2:00,118060,374.5686818,374.5686818,374.5686818
3/16/2019 3:00,124601,395.321297,395.321297,395.321297
3/16/2019 4:00,141230,448.0800859,448.0800859,448.0800859
3/16/2019 5:00,188815,599.0529024,599.0529024,599.0529024
3/16/2019 6:00,225481,715.3830336,715.3830336,715.3830336
3/16/2019 7:00,214015,679.0048826,679.0048826,679.0048826
3/16/2019 8:00,208651,661.9865326,661.9865326,661.9865326
3/16/2019 9:00,202152,641.3671707,641.3671707,641.3671707
3/16/2019 10:00,193704,614.5642211,614.5642211,614.5642211
3/16/2019 11:00,188297,597.4094451,597.4094451,597.4094451
3/16/2019 12:00,183278,581.4856757,581.4856757,581.4856757
3/16/2019 13:00,179701,570.1369363,570.1369363,570.1369363
3/16/2019 14:00,179704,570.1464544,570.1464544,570.1464544
3/16/2019 15:00,181070,574.4803593,574.4803593,574.4803593
3/16/2019 16:00,189434,601.0168023,601.0168023,601.0168023
3/16/2019 17:00,194525,617.1690059,617.1690059,617.1690059
3/16/2019 18:00,194496,617.0769977,617.0769977,617.0769977
3/16/2019 19:00,192410,610.4587504,610.4587504,610.4587504
3/16/2019 20:00,186651,592.1871848,592.1871848,592.1871848
3/16/2019 21:00,170431,540.7260293,540.7260293,540.7260293
3/16/2019 22:00,141567,449.149285,449.149285,449.149285
3/16/2019 23:00,118926,377.316238,377.316238,377.316238
3/17/2019 0:00,100152,317.7520127,317.7520127,317.7520127
3/17/2019 1:00,102906,326.489622,326.489622,326.489622
3/17/2019 2:00,103632,328.7930005,328.7930005,328.7930005
3/17/2019 3:00,111477,353.6828134,353.6828134,353.6828134
3/17/2019 4:00,131147,416.0897757,416.0897757,416.0897757
3/17/2019 5:00,178410,566.0409836,566.0409836,566.0409836
3/17/2019 6:00,199234,632.109239,632.109239,632.109239
3/17/2019 7:00,188272,597.3301276,597.3301276,597.3301276
3/17/2019 8:00,184771,586.2225132,586.2225132,586.2225132
3/17/2019 9:00,178281,565.6317056,565.6317056,565.6317056
3/17/2019 10:00,171001,542.5344669,542.5344669,542.5344669
3/17/2019 11:00,166714,528.9331122,528.9331122,528.9331122
3/17/2019 12:00,162046,514.1229597,514.1229597,514.1229597
3/17/2019 13:00,160057,507.8124641,507.8124641,507.8124641
3/17/2019 14:00,162457,515.4269384,515.4269384,515.4269384
3/17/2019 15:00,165523,525.1544293,525.1544293,525.1544293
3/17/2019 16:00,171696,544.7394918,544.7394918,544.7394918
3/17/2019 17:00,178272,565.6031514,565.6031514,565.6031514
3/17/2019 18:00,179083,568.1762091,568.1762091,568.1762091
3/17/2019 19:00,177100,561.8847497,561.8847497,561.8847497
3/17/2019 20:00,172326,546.7382913,546.7382913,546.7382913
3/17/2019 21:00,157458,499.566623,499.566623,499.566623
3/17/2019 22:00,127479,404.4523208,404.4523208,404.4523208
3/17/2019 23:00,106536,338.0065144,338.0065144,338.0065144
3/18/2019 0:00,90775,288.0016271,288.0016271,288.0016271
3/18/2019 1:00,93615,297.0120884,297.0120884,297.0120884
3/18/2019 2:00,95895,304.2458389,304.2458389,304.2458389
3/18/2019 3:00,103382,327.9998261,327.9998261,327.9998261
3/18/2019 4:00,118949,377.38921,377.38921,377.38921
3/18/2019 5:00,160729,509.9445169,509.9445169,509.9445169
3/18/2019 6:00,190559,604.5860871,604.5860871,604.5860871
3/18/2019 7:00,184029,583.8683716,583.8683716,583.8683716
3/18/2019 8:00,180246,571.8660565,571.8660565,571.8660565
3/18/2019 9:00,173998,552.0430417,552.0430417,552.0430417
3/18/2019 10:00,166478,528.1843556,528.1843556,528.1843556
3/18/2019 11:00,159514,506.0896893,506.0896893,506.0896893
3/18/2019 12:00,155226,492.4851619,492.4851619,492.4851619
3/18/2019 13:00,154046,488.7413787,488.7413787,488.7413787
3/18/2019 14:00,154988,491.7300598,491.7300598,491.7300598
3/18/2019 15:00,156900,497.7962577,497.7962577,497.7962577
3/18/2019 16:00,162902,516.8387888,516.8387888,516.8387888
3/18/2019 17:00,168103,533.3399892,533.3399892,533.3399892
3/18/2019 18:00,168873,535.7829664,535.7829664,535.7829664
3/18/2019 19:00,166899,529.5200613,529.5200613,529.5200613
3/18/2019 20:00,160094,507.9298539,507.9298539,507.9298539
3/18/2019 21:00,145765,462.4682696,462.4682696,462.4682696
3/18/2019 22:00,116799,370.5679101,370.5679101,370.5679101
3/18/2019 23:00,96223,305.2864838,305.2864838,305.2864838
3/19/2019 0:00,90711,287.7985744,287.7985744,287.7985744
3/19/2019 1:00,93958,298.1003236,298.1003236,298.1003236
3/19/2019 2:00,96143,305.032668,305.032668,305.032668
3/19/2019 3:00,103201,327.4255678,327.4255678,327.4255678
3/19/2019 4:00,118320,375.3935832,375.3935832,375.3935832
3/19/2019 5:00,159745,506.8225824,506.8225824,506.8225824
3/19/2019 6:00,189498,601.2198549,601.2198549,601.2198549
3/19/2019 7:00,183742,582.9578074,582.9578074,582.9578074
3/19/2019 8:00,180293,572.0151733,572.0151733,572.0151733
3/19/2019 9:00,173383,550.0918327,550.0918327,550.0918327
3/19/2019 10:00,165567,525.294028,525.294028,525.294028
3/19/2019 11:00,158868,504.0401266,504.0401266,504.0401266
3/19/2019 12:00,154758,491.0003394,491.0003394,491.0003394
3/19/2019 13:00,153097,485.7304886,485.7304886,485.7304886
3/19/2019 14:00,154510,490.2135104,490.2135104,490.2135104
3/19/2019 15:00,156793,497.456779,497.456779,497.456779
3/19/2019 16:00,162898,516.826098,516.826098,516.826098
3/19/2019 17:00,166676,528.8125497,528.8125497,528.8125497
3/19/2019 18:00,166515,528.3017454,528.3017454,528.3017454
3/19/2019 19:00,164671,522.4512909,522.4512909,522.4512909
3/19/2019 20:00,159428,505.8168373,505.8168373,505.8168373
3/19/2019 21:00,144263,457.7028778,457.7028778,457.7028778
3/19/2019 22:00,115640,366.8907536,366.8907536,366.8907536
3/19/2019 23:00,95657,303.4907369,303.4907369,303.4907369
3/20/2019 0:00,91537,290.4192227,290.4192227,290.4192227
3/20/2019 1:00,94800,300.771735,300.771735,300.771735
3/20/2019 2:00,97099,308.0657669,308.0657669,308.0657669
3/20/2019 3:00,104334,331.0202342,331.0202342,331.0202342
3/20/2019 4:00,119799,380.086003,380.086003,380.086003
3/20/2019 5:00,161959,513.846935,513.846935,513.846935
3/20/2019 6:00,192196,609.7797931,609.7797931,609.7797931
3/20/2019 7:00,186370,591.2956568,591.2956568,591.2956568
3/20/2019 8:00,182648,579.4868762,579.4868762,579.4868762
3/20/2019 9:00,175537,556.9258234,556.9258234,556.9258234
3/20/2019 10:00,167674,531.9789019,531.9789019,531.9789019
3/20/2019 11:00,160829,510.2617867,510.2617867,510.2617867
3/20/2019 12:00,156741,497.2917988,497.2917988,497.2917988
3/20/2019 13:00,155106,492.1044381,492.1044381,492.1044381
3/20/2019 14:00,156417,496.2638447,496.2638447,496.2638447
3/20/2019 15:00,158784,503.77362,503.77362,503.77362
3/20/2019 16:00,165037,523.6124983,523.6124983,523.6124983
3/20/2019 17:00,168875,535.7893118,535.7893118,535.7893118
3/20/2019 18:00,168826,535.6338496,535.6338496,535.6338496
3/20/2019 19:00,166995,529.8246402,529.8246402,529.8246402
3/20/2019 20:00,161718,513.0823148,513.0823148,513.0823148
3/20/2019 21:00,146302,464.1720082,464.1720082,464.1720082
3/20/2019 22:00,117087,371.4816471,371.4816471,371.4816471
3/20/2019 23:00,96657,306.6634345,306.6634345,306.6634345
3/21/2019 0:00,95815,303.9920231,303.9920231,303.9920231
3/21/2019 1:00,99152,314.5793151,314.5793151,314.5793151
3/21/2019 2:00,101461,321.9050739,321.9050739,321.9050739
3/21/2019 3:00,108806,345.208538,345.208538,345.208538
3/21/2019 4:00,124474,394.9183644,394.9183644,394.9183644
3/21/2019 5:00,167549,531.5823147,531.5823147,531.5823147
3/21/2019 6:00,198715,630.462609,630.462609,630.462609
3/21/2019 7:00,192629,611.1535712,611.1535712,611.1535712
3/21/2019 8:00,189349,600.747123,600.747123,600.747123
3/21/2019 9:00,182055,577.6054665,577.6054665,577.6054665
3/21/2019 10:00,173910,551.7638443,551.7638443,551.7638443
3/21/2019 11:00,166916,529.5739971,529.5739971,529.5739971
3/21/2019 12:00,162622,515.9504335,515.9504335,515.9504335
3/21/2019 13:00,160737,509.9698985,509.9698985,509.9698985
3/21/2019 14:00,162240,514.738463,514.738463,514.738463
3/21/2019 15:00,164579,522.1594028,522.1594028,522.1594028
3/21/2019 16:00,170877,542.1410524,542.1410524,542.1410524
3/21/2019 17:00,174762,554.4669827,554.4669827,554.4669827
3/21/2019 18:00,174544,553.7753346,553.7753346,553.7753346
3/21/2019 19:00,172589,547.5727108,547.5727108,547.5727108
3/21/2019 20:00,166991,529.8119494,529.8119494,529.8119494
3/21/2019 21:00,151105,479.4104749,479.4104749,479.4104749
3/21/2019 22:00,121542,385.616015,385.616015,385.616015
3/21/2019 23:00,100832,319.9094471,319.9094471,319.9094471
3/22/2019 0:00,99626,316.0831738,316.0831738,316.0831738
3/22/2019 1:00,102479,325.1348801,325.1348801,325.1348801
3/22/2019 2:00,105258,333.9518068,333.9518068,333.9518068
3/22/2019 3:00,112014,355.386552,355.386552,355.386552
3/22/2019 4:00,127882,405.7309179,405.7309179,405.7309179
3/22/2019 5:00,171476,544.0414983,544.0414983,544.0414983
3/22/2019 6:00,206344,654.6671192,654.6671192,654.6671192
3/22/2019 7:00,199248,632.1536568,632.1536568,632.1536568
3/22/2019 8:00,196230,622.5784554,622.5784554,622.5784554
3/22/2019 9:00,188680,598.6245883,598.6245883,598.6245883
3/22/2019 10:00,180914,573.9854185,573.9854185,573.9854185
3/22/2019 11:00,173840,551.5417555,551.5417555,551.5417555
3/22/2019 12:00,169220,536.8838924,536.8838924,536.8838924
3/22/2019 13:00,166368,527.8353588,527.8353588,527.8353588
3/22/2019 14:00,168335,534.076055,534.076055,534.076055
3/22/2019 15:00,170441,540.7577562,540.7577562,540.7577562
3/22/2019 16:00,176906,561.2692464,561.2692464,561.2692464
3/22/2019 17:00,180249,571.8755746,571.8755746,571.8755746
3/22/2019 18:00,180794,573.6046948,573.6046948,573.6046948
3/22/2019 19:00,178338,565.8125494,565.8125494,565.8125494
3/22/2019 20:00,172045,545.8467632,545.8467632,545.8467632
3/22/2019 21:00,155777,494.2333182,494.2333182,494.2333182
3/22/2019 22:00,126473,401.260587,401.260587,401.260587
3/22/2019 23:00,105176,333.6916456,333.6916456,333.6916456
3/23/2019 0:00,107310,340.4621824,340.4621824,340.4621824
3/23/2019 1:00,109241,346.5886615,346.5886615,346.5886615
3/23/2019 2:00,112232,356.0782001,356.0782001,356.0782001
3/23/2019 3:00,118842,377.0497314,377.0497314,377.0497314
3/23/2019 4:00,135890,431.1378805,431.1378805,431.1378805
3/23/2019 5:00,182718,579.708965,579.708965,579.708965
3/23/2019 6:00,216203,685.9467451,685.9467451,685.9467451
3/23/2019 7:00,206281,654.4672392,654.4672392,654.4672392
3/23/2019 8:00,201131,638.1278464,638.1278464,638.1278464
3/23/2019 9:00,194814,618.0859155,618.0859155,618.0859155
3/23/2019 10:00,186621,592.0920039,592.0920039,592.0920039
3/23/2019 11:00,181428,575.6161851,575.6161851,575.6161851
3/23/2019 12:00,176494,559.962095,559.962095,559.962095
3/23/2019 13:00,173022,548.9464888,548.9464888,548.9464888
3/23/2019 14:00,173188,549.4731566,549.4731566,549.4731566
3/23/2019 15:00,174306,553.0202326,553.0202326,553.0202326
3/23/2019 16:00,182392,578.6746656,578.6746656,578.6746656
3/23/2019 17:00,187518,594.9379136,594.9379136,594.9379136
3/23/2019 18:00,187961,596.3434187,596.3434187,596.3434187
3/23/2019 19:00,185733,589.2746484,589.2746484,589.2746484
3/23/2019 20:00,179911,570.8032028,570.8032028,570.8032028
3/23/2019 21:00,163983,520.268475,520.268475,520.268475
3/23/2019 22:00,134773,427.5939773,427.5939773,427.5939773
3/23/2019 23:00,112847,358.0294091,358.0294091,358.0294091
3/24/2019 0:00,116971,371.1136141,371.1136141,371.1136141
3/24/2019 1:00,119108,377.893669,377.893669,377.893669
3/24/2019 2:00,120222,381.4280541,381.4280541,381.4280541
3/24/2019 3:00,127378,404.1318783,404.1318783,404.1318783
3/24/2019 4:00,144972,459.9523204,459.9523204,459.9523204
3/24/2019 5:00,194780,617.9780438,617.9780438,617.9780438
3/24/2019 6:00,222520,705.988676,705.988676,705.988676
3/24/2019 7:00,208762,662.338702,662.338702,662.338702
3/24/2019 8:00,204698,649.4448589,649.4448589,649.4448589
3/24/2019 9:00,197633,627.0297501,627.0297501,627.0297501
3/24/2019 10:00,190221,603.5137153,603.5137153,603.5137153
3/24/2019 11:00,185786,589.4428013,589.4428013,589.4428013
3/24/2019 12:00,180397,572.3451338,572.3451338,572.3451338
3/24/2019 13:00,178085,565.0098569,565.0098569,565.0098569
3/24/2019 14:00,179645,569.9592652,569.9592652,569.9592652
3/24/2019 15:00,183503,582.1995327,582.1995327,582.1995327
3/24/2019 16:00,191137,606.4199063,606.4199063,606.4199063
3/24/2019 17:00,197265,625.8621974,625.8621974,625.8621974
3/24/2019 18:00,196858,624.5709095,624.5709095,624.5709095
3/24/2019 19:00,194970,618.5808563,618.5808563,618.5808563
3/24/2019 20:00,189910,602.5270063,602.5270063,602.5270063
3/24/2019 21:00,174941,555.0348956,555.0348956,555.0348956
3/24/2019 22:00,145115,460.4060161,460.4060161,460.4060161
3/24/2019 23:00,122304,388.0336106,388.0336106,388.0336106
3/25/2019 0:00,118442,375.7806523,375.7806523,375.7806523
3/25/2019 1:00,121173,384.4452896,384.4452896,384.4452896
3/25/2019 2:00,123918,393.1543445,393.1543445,393.1543445
3/25/2019 3:00,131657,417.7078515,417.7078515,417.7078515
3/25/2019 4:00,147897,469.2324609,469.2324609,469.2324609
3/25/2019 5:00,193107,612.6701207,612.6701207,612.6701207
3/25/2019 6:00,230426,731.0720234,731.0720234,731.0720234
3/25/2019 7:00,221753,703.5552169,703.5552169,703.5552169
3/25/2019 8:00,219461,696.2833939,696.2833939,696.2833939
3/25/2019 9:00,212913,675.5085699,675.5085699,675.5085699
3/25/2019 10:00,203962,647.1097534,647.1097534,647.1097534
3/25/2019 11:00,195471,620.1703779,620.1703779,620.1703779
3/25/2019 12:00,191269,606.8387024,606.8387024,606.8387024
3/25/2019 13:00,188335,597.5300076,597.5300076,597.5300076
3/25/2019 14:00,188962,599.519289,599.519289,599.519289
3/25/2019 15:00,190399,604.0784555,604.0784555,604.0784555
3/25/2019 16:00,197750,627.4009557,627.4009557,627.4009557
3/25/2019 17:00,202825,643.5023962,643.5023962,643.5023962
3/25/2019 18:00,202916,643.7911117,643.7911117,643.7911117
3/25/2019 19:00,200017,634.5934613,634.5934613,634.5934613
3/25/2019 20:00,191577,607.8158933,607.8158933,607.8158933
3/25/2019 21:00,175067,555.4346555,555.4346555,555.4346555
3/25/2019 22:00,146202,463.8547385,463.8547385,463.8547385
3/25/2019 23:00,123194,390.8573115,390.8573115,390.8573115
3/26/2019 0:00,118287,375.2888842,375.2888842,375.2888842
3/26/2019 1:00,121209,384.5595067,384.5595067,384.5595067
3/26/2019 2:00,124035,393.5255502,393.5255502,393.5255502
3/26/2019 3:00,132011,418.8309864,418.8309864,418.8309864
3/26/2019 4:00,148142,470.0097719,470.0097719,470.0097719
3/26/2019 5:00,194251,616.2996867,616.2996867,616.2996867
3/26/2019 6:00,230085,729.9901335,729.9901335,729.9901335
3/26/2019 7:00,222095,704.6402795,704.6402795,704.6402795
3/26/2019 8:00,222347,705.4397993,705.4397993,705.4397993
3/26/2019 9:00,213551,677.532751,677.532751,677.532751
3/26/2019 10:00,204668,649.3496779,649.3496779,649.3496779
3/26/2019 11:00,197007,625.0436414,625.0436414,625.0436414
3/26/2019 12:00,192314,610.1541714,610.1541714,610.1541714
3/26/2019 13:00,188764,598.8910949,598.8910949,598.8910949
3/26/2019 14:00,190916,605.7187402,605.7187402,605.7187402
3/26/2019 15:00,193016,612.3814052,612.3814052,612.3814052
3/26/2019 16:00,199581,633.2101651,633.2101651,633.2101651
3/26/2019 17:00,203331,645.1077812,645.1077812,645.1077812
3/26/2019 18:00,202526,642.5537596,642.5537596,642.5537596
3/26/2019 19:00,199856,634.0826569,634.0826569,634.0826569
3/26/2019 20:00,192252,609.9574642,609.9574642,609.9574642
3/26/2019 21:00,173879,551.6654907,551.6654907,551.6654907
3/26/2019 22:00,144094,457.1666919,457.1666919,457.1666919
3/26/2019 23:00,122445,388.4809609,388.4809609,388.4809609
3/27/2019 0:00,115707,367.1033243,367.1033243,367.1033243
3/27/2019 1:00,118519,376.0249501,376.0249501,376.0249501
3/27/2019 2:00,121301,384.8513949,384.8513949,384.8513949
3/27/2019 3:00,129327,410.315466,410.315466,410.315466
3/27/2019 4:00,145239,460.7994307,460.7994307,460.7994307
3/27/2019 5:00,190812,605.3887796,605.3887796,605.3887796
3/27/2019 6:00,226012,717.0677361,717.0677361,717.0677361
3/27/2019 7:00,218314,692.6443097,692.6443097,692.6443097
3/27/2019 8:00,218170,692.1874413,692.1874413,692.1874413
3/27/2019 9:00,209513,664.7213979,664.7213979,664.7213979
3/27/2019 10:00,200860,637.2680454,637.2680454,637.2680454
3/27/2019 11:00,193281,613.2221701,613.2221701,613.2221701
3/27/2019 12:00,188776,598.9291672,598.9291672,598.9291672
3/27/2019 13:00,185358,588.0848868,588.0848868,588.0848868
3/27/2019 14:00,187437,594.6809251,594.6809251,594.6809251
3/27/2019 15:00,189556,601.4038714,601.4038714,601.4038714
3/27/2019 16:00,195938,621.6520276,621.6520276,621.6520276
3/27/2019 17:00,199814,633.9494036,633.9494036,633.9494036
3/27/2019 18:00,199063,631.5667077,631.5667077,631.5667077
3/27/2019 19:00,196465,623.3240393,623.3240393,623.3240393
3/27/2019 20:00,189035,599.7508959,599.7508959,599.7508959
3/27/2019 21:00,170926,542.2965146,542.2965146,542.2965146
3/27/2019 22:00,141414,448.6638622,448.6638622,448.6638622
3/27/2019 23:00,119920,380.4698994,380.4698994,380.4698994
3/28/2019 0:00,110268,349.8470219,349.8470219,349.8470219
3/28/2019 1:00,113278,359.3968418,359.3968418,359.3968418
3/28/2019 2:00,115917,367.7695908,367.7695908,367.7695908
3/28/2019 3:00,123622,392.215226,392.215226,392.215226
3/28/2019 4:00,139441,442.4041298,442.4041298,442.4041298
3/28/2019 5:00,184147,584.2427499,584.2427499,584.2427499
3/28/2019 6:00,218186,692.2382045,692.2382045,692.2382045
3/28/2019 7:00,210847,668.9537766,668.9537766,668.9537766
3/28/2019 8:00,210048,666.4187912,666.4187912,666.4187912
3/28/2019 9:00,201804,640.2630719,640.2630719,640.2630719
3/28/2019 10:00,193234,613.0730533,613.0730533,613.0730533
3/28/2019 11:00,185859,589.6744083,589.6744083,589.6744083
3/28/2019 12:00,181337,575.3274696,575.3274696,575.3274696
3/28/2019 13:00,178327,565.7776497,565.7776497,565.7776497
3/28/2019 14:00,180261,571.9136469,571.9136469,571.9136469
3/28/2019 15:00,182410,578.7317741,578.7317741,578.7317741
3/28/2019 16:00,188834,599.1131837,599.1131837,599.1131837
3/28/2019 17:00,192584,611.0107998,611.0107998,611.0107998
3/28/2019 18:00,191961,609.0342092,609.0342092,609.0342092
3/28/2019 19:00,189528,601.3150359,601.3150359,601.3150359
3/28/2019 20:00,182610,579.3663137,579.3663137,579.3663137
3/28/2019 21:00,165182,524.0725394,524.0725394,524.0725394
3/28/2019 22:00,135780,430.7888838,430.7888838,430.7888838
3/28/2019 23:00,114634,363.6990198,363.6990198,363.6990198
3/29/2019 0:00,104837,332.6161011,332.6161011,332.6161011
3/29/2019 1:00,107281,340.3701741,340.3701741,340.3701741
3/29/2019 2:00,110210,349.6630055,349.6630055,349.6630055
3/29/2019 3:00,117092,371.4975105,371.4975105,371.4975105
3/29/2019 4:00,132734,421.1248468,421.1248468,421.1248468
3/29/2019 5:00,176287,559.3053466,559.3053466,559.3053466
3/29/2019 6:00,211991,672.5833427,672.5833427,672.5833427
3/29/2019 7:00,204258,648.0488719,648.0488719,648.0488719
3/29/2019 8:00,202622,642.8583386,642.8583386,642.8583386
3/29/2019 9:00,194883,618.3048316,618.3048316,618.3048316
3/29/2019 10:00,187035,593.4055007,593.4055007,593.4055007
3/29/2019 11:00,179890,570.7365761,570.7365761,570.7365761
3/29/2019 12:00,175371,556.3991556,556.3991556,556.3991556
3/29/2019 13:00,171981,545.6437106,545.6437106,545.6437106
3/29/2019 14:00,174215,552.7315171,552.7315171,552.7315171
3/29/2019 15:00,176153,558.8802051,558.8802051,558.8802051
3/29/2019 16:00,182603,579.3441048,579.3441048,579.3441048
3/29/2019 17:00,185622,588.9224789,588.9224789,588.9224789
3/29/2019 18:00,186140,590.5659363,590.5659363,590.5659363
3/29/2019 19:00,183265,581.4444306,581.4444306,581.4444306
3/29/2019 20:00,176498,559.9747858,559.9747858,559.9747858
3/29/2019 21:00,159731,506.7781647,506.7781647,506.7781647
3/29/2019 22:00,131058,415.8074056,415.8074056,415.8074056
3/29/2019 23:00,110035,349.1077834,349.1077834,349.1077834
3/30/2019 0:00,100095,317.571169,317.571169,317.571169
3/30/2019 1:00,101879,323.2312615,323.2312615,323.2312615
3/30/2019 2:00,104929,332.9079893,332.9079893,332.9079893
3/30/2019 3:00,111334,353.2291176,353.2291176,353.2291176
3/30/2019 4:00,127782,405.4136482,405.4136482,405.4136482
3/30/2019 5:00,173106,549.2129954,549.2129954,549.2129954
3/30/2019 6:00,205052,650.5679938,650.5679938,650.5679938
3/30/2019 7:00,195531,620.3607397,620.3607397,620.3607397
3/30/2019 8:00,190419,604.1419094,604.1419094,604.1419094
3/30/2019 9:00,184066,583.9857614,583.9857614,583.9857614
3/30/2019 10:00,176089,558.6771524,558.6771524,558.6771524
3/30/2019 11:00,171296,543.4704127,543.4704127,543.4704127
3/30/2019 12:00,166305,527.6354789,527.6354789,527.6354789
3/30/2019 13:00,163091,517.4384287,517.4384287,517.4384287
3/30/2019 14:00,163082,517.4098744,517.4098744,517.4098744
3/30/2019 15:00,164532,522.010286,522.010286,522.010286
3/30/2019 16:00,172289,546.6209015,546.6209015,546.6209015
3/30/2019 17:00,177629,563.5631068,563.5631068,563.5631068
3/30/2019 18:00,178213,565.4159622,565.4159622,565.4159622
3/30/2019 19:00,176146,558.8579962,558.8579962,558.8579962
3/30/2019 20:00,170593,541.2400063,541.2400063,541.2400063
3/30/2019 21:00,155654,493.8430764,493.8430764,493.8430764
3/30/2019 22:00,127006,402.9516348,402.9516348,402.9516348
3/30/2019 23:00,105749,335.5096014,335.5096014,335.5096014
3/31/2019 0:00,100875,320.0458731,320.0458731,320.0458731
3/31/2019 1:00,103688,328.9706716,328.9706716,328.9706716
3/31/2019 2:00,112402,356.6175587,356.6175587,356.6175587
3/31/2019 3:00,132439,420.188901,420.188901,420.188901
3/31/2019 4:00,180271,571.9453739,571.9453739,571.9453739
3/31/2019 5:00,201168,638.2452362,638.2452362,638.2452362
3/31/2019 6:00,190146,603.275763,603.275763,603.275763
3/31/2019 7:00,186515,591.7556979,591.7556979,591.7556979
3/31/2019 8:00,179921,570.8349298,570.8349298,570.8349298
3/31/2019 9:00,172527,547.3760035,547.3760035,547.3760035
3/31/2019 10:00,168194,533.6287047,533.6287047,533.6287047
3/31/2019 11:00,163469,518.6377084,518.6377084,518.6377084
3/31/2019 12:00,161485,512.3430763,512.3430763,512.3430763
3/31/2019 13:00,163938,520.1257036,520.1257036,520.1257036
3/31/2019 14:00,167049,529.9959659,529.9959659,529.9959659
3/31/2019 15:00,173233,549.615928,549.615928,549.615928
3/31/2019 16:00,179966,570.9777011,570.9777011,570.9777011
3/31/2019 17:00,180846,573.7696751,573.7696751,573.7696751
3/31/2019 18:00,178867,567.4909065,567.4909065,567.4909065
3/31/2019 19:00,174065,552.2556124,552.2556124,552.2556124
3/31/2019 20:00,159039,504.5826579,504.5826579,504.5826579
3/31/2019 21:00,128602,408.0152602,408.0152602,408.0152602
3/31/2019 22:00,107444,340.8873238,340.8873238,340.8873238
3/31/2019 23:00,105749,335.5096014,335.5096014,335.5096014
